Designation,Absolute Magnitude (H),Min Diameter (km),Max Diameter (km),Is Potentially Hazardous,Relative Velocity (km/s),Relative Velocity (km/h),Miss Distance (km),Miss Distance (miles),Orbiting Body,Cluster,Object Type,pca_1,pca_2,pca_3
433,10.41,22.0067027115,49.2084832235,0,5.5786191875,20083.0290749201,47112732.928149395,29274494.765191957,0,2,Asteroid,5.360843704606345,-1.7438493965303763,0.02331722195858466
433,10.41,22.0067027115,49.2084832235,0,4.3944908885,15820.1671985367,70533232.89379448,43827318.62043476,0,2,Asteroid,5.67091776141457,-1.0113214167363187,0.1501044531286757
433,10.41,22.0067027115,49.2084832235,0,4.8167840184,17340.4224662258,74687814.59975122,46408855.98503804,0,2,Asteroid,5.676214095297563,-0.9054774600868981,0.2642356254292209
433,10.41,22.0067027115,49.2084832235,0,4.5960548855,16545.797587763,53823292.39421864,33444243.063609555,0,2,Asteroid,5.500255249362974,-1.5094452501584341,-0.033580096074862995
433,10.41,22.0067027115,49.2084832235,0,5.9208185341,21314.9467227704,26040971.83587945,16181109.570794513,0,2,Asteroid,5.138713701208842,-2.3753538534662013,-0.19555871887884946
433,10.41,22.0067027115,49.2084832235,0,6.0840524046,21902.5886564605,32164326.017637733,19985985.424901344,0,2,Asteroid,5.182615055083195,-2.2018526392511166,-0.0938872353874141
433,10.41,22.0067027115,49.2084832235,0,3.626098636,13053.9550896485,60289296.3832705,37462031.63507472,0,2,Asteroid,5.6364098814698655,-1.2826993961420445,-0.09176603718715146
433,10.41,22.0067027115,49.2084832235,0,3.7078364482,13348.2112136055,66195880.154722884,41132212.60210236,0,2,Asteroid,5.684709155266605,-1.1124545096555287,-0.004666835518591226
433,10.41,22.0067027115,49.2084832235,0,6.0668849725,21840.7859008821,39833635.13462586,24751473.13159649,0,2,Asteroid,5.255020817535515,-1.9761017780724732,0.0013367785392071555
433,10.41,22.0067027115,49.2084832235,0,5.8253076833,20971.1076598791,22609353.042813383,14048800.529267363,0,2,Asteroid,5.1144276922982925,-2.472432843072055,-0.25312127565992976
433,10.41,22.0067027115,49.2084832235,0,5.6652718459,20394.9786453535,46149346.25189328,28675874.042978145,0,2,Asteroid,5.345106259598507,-1.775427568941305,0.023600842316734066
433,10.41,22.0067027115,49.2084832235,0,4.305902138,15501.2476969045,69957978.9982776,43469872.4247609,0,2,Asteroid,5.672551874446054,-1.0248290307185632,0.1299369811708785
433,10.41,22.0067027115,49.2084832235,0,4.4122923953,15884.2526231559,54688077.78293672,33981595.78678209,0,2,Asteroid,5.522712831536526,-1.4770600384640462,-0.04919321066086133
433,10.41,22.0067027115,49.2084832235,0,5.9451959021,21402.705247412,26729521.135077033,16608954.26589376,0,2,Asteroid,5.1431768461143115,-2.356073781817805,-0.18325336595410607
433,10.41,22.0067027115,49.2084832235,0,6.0449176185,21761.7034264303,31205919.27495648,19390459.089922305,0,2,Asteroid,5.176811739044457,-2.2284906800967823,-0.1117694050940754
433,10.41,22.0067027115,49.2084832235,0,3.7288508677,13423.8631236067,59487215.18111953,36963641.48671637,0,2,Asteroid,5.620901367038076,-1.3101567848154663,-0.0870941155969487
433,10.41,22.0067027115,49.2084832235,0,3.7252247205,13410.8089939193,66741851.83796489,41471463.67478767,0,2,Asteroid,5.6884007204876825,-1.0970927688190366,0.00480912032761534
433,10.41,22.0067027115,49.2084832235,0,6.0590645856,21812.6325080767,40773698.15656815,25335601.20705265,0,2,Asteroid,5.2643452647301245,-1.9482125912363795,0.012180448535849037
433,10.41,22.0067027115,49.2084832235,0,5.8207578574,20954.7282866821,22407094.56836405,13923122.94099176,0,2,Asteroid,5.112911420782004,-2.4781957900726415,-0.2563575439650059
433,10.41,22.0067027115,49.2084832235,0,5.7322434825,20636.0765370681,45321201.77971558,28161288.929595698,0,2,Asteroid,5.332168935344061,-1.8022862645439237,0.02275534276605587
433,10.41,22.0067027115,49.2084832235,0,4.2454176851,15283.5036662481,69522351.6164946,43199186.12161161,0,2,Asteroid,5.673270386200029,-1.0353096651530784,0.11562134274395451
433,10.41,22.0067027115,49.2084832235,0,4.2258643769,15213.1117567663,55547189.16380228,34515422.84496234,0,2,Asteroid,5.545327377709413,-1.4447397729255704,-0.06526490667867467
433,10.41,22.0067027115,49.2084832235,0,5.9749136221,21509.6890394877,27296208.42824665,16961077.421701662,0,2,Asteroid,5.146091139657476,-2.3405739272416604,-0.17172668446564338
433,10.41,22.0067027115,49.2084832235,0,6.0149196633,21653.7107877231,30499881.715479724,18951747.693781205,0,2,Asteroid,5.172628392329705,-2.248069827625135,-0.12511211062545288
433,10.41,22.0067027115,49.2084832235,0,3.8530305141,13870.9098509079,58685936.04794856,36465749.72091189,0,2,Asteroid,5.603715902171475,-1.33840726697676,-0.07930669354537627
433,10.41,22.0067027115,49.2084832235,0,3.7537243254,13513.4075714592,67274586.66783549,41802489.74818626,0,2,Asteroid,5.691096198468437,-1.0825430050889948,0.015726695162012062
433,10.41,22.0067027115,49.2084832235,0,6.0381849282,21737.4657416866,41612827.54050079,25857012.028087355,0,2,Asteroid,5.273761132920595,-1.92278812717924,0.01984559695983259
433,10.41,22.0067027115,49.2084832235,0,5.8142759703,20931.393493074,22359243.131520975,13893389.436898377,0,2,Asteroid,5.112977609411826,-2.479353208951836,-0.2579065633943728
433,10.41,22.0067027115,49.2084832235,0,5.7943538473,20859.6738502169,44367795.07656291,27568869.47511176,0,2,Asteroid,5.318453193174159,-1.832636173993637,0.019609421570610703
433,10.41,22.0067027115,49.2084832235,0,4.1745035914,15028.2129289863,68956354.02934481,42847491.52925169,0,2,Asteroid,5.673600876934015,-1.0492192142407695,0.09813323039879049
433,10.41,22.0067027115,49.2084832235,0,4.026253601,14494.512963503,56463283.98900784,35084657.773570694,0,2,Asteroid,5.569506155936074,-1.4102446089262684,-0.08252105484889213
433,10.41,22.0067027115,49.2084832235,0,6.0055431713,21619.9554168322,28184278.979746602,17512898.874102976,0,2,Asteroid,5.1519113757058514,-2.315676126502333,-0.15597323022946652
433,10.41,22.0067027115,49.2084832235,0,5.9898389294,21563.4201458554,29621995.78696937,18406254.67265237,0,2,Asteroid,5.1664663316867605,-2.2728801811403394,-0.13993166654308692
433,10.41,22.0067027115,49.2084832235,0,3.9833820614,14340.1754211404,57941309.16439319,36003060.0306766,0,2,Asteroid,5.586570155946153,-1.365230209604568,-0.06990304755068981
719,15.59,2.0256060086,4.529392731,0,3.4460290151,12405.7044543097,255628975.88870153,158840480.08630615,1,0,Other,2.7060267340863793,6.802256421348512,0.4078571188598351
719,15.59,2.0256060086,4.529392731,0,7.1848430308,25865.4349107149,30739631.151486345,19100721.08532776,0,0,Other,0.32852053740518083,0.05919254640403624,-1.9155453611458164
719,15.59,2.0256060086,4.529392731,0,7.3096055098,26314.5798352299,30767547.759604916,19118067.66124123,0,0,Other,0.3189717665655213,0.055257001599684274,-1.8971089869555458
719,15.59,2.0256060086,4.529392731,0,3.2634606265,11748.4582554323,211999593.1458578,131730438.75922357,1,0,Other,2.3161513804130758,5.528678602255867,-0.17446728732695135
719,15.59,2.0256060086,4.529392731,0,7.6655658653,27596.0371152368,47085964.48368307,29257861.625089537,0,0,Other,0.4421805306660599,0.5206413102629468,-1.6376157364762824
719,15.59,2.0256060086,4.529392731,0,7.6532216086,27551.5977911354,42582881.24031068,26459775.446638104,0,0,Other,0.40142976975947386,0.3889448920484274,-1.6967768571075146
719,15.59,2.0256060086,4.529392731,0,3.7241284848,13406.8625452769,222392006.90369737,138187985.22793645,1,0,Other,2.37622472433626,5.816142323654332,0.02469918307716539
719,15.59,2.0256060086,4.529392731,0,13.0394477911,46942.0120478077,63678315.77663409,39567870.637058794,0,0,Other,0.17347491812734608,0.8028243354883119,-0.6474303559116722
719,15.59,2.0256060086,4.529392731,0,5.0048427673,18017.4339623463,293085928.07566476,182115150.91445783,1,0,Other,2.930529550879407,7.842220502268837,1.1109875904340452
719,15.59,2.0256060086,4.529392731,0,3.4163448465,12298.8414475462,233945031.3203244,145366701.7189215,1,0,Other,2.507458129065942,6.166957291129084,0.1272878492585311
719,15.59,2.0256060086,4.529392731,0,7.5222545496,27080.1163785251,31933101.431212846,19842309.12925528,0,0,Other,0.31305456857762326,0.0813619513716457,-1.8514417792596403
719,15.59,2.0256060086,4.529392731,0,7.8186889132,28147.2800874542,38425895.242266655,23876744.12420753,0,0,Other,0.34990806554438303,0.260629839741548,-1.7257598533266056
719,15.59,2.0256060086,4.529392731,0,3.4670013619,12481.2049027845,207934257.05616677,129204356.04910128,1,0,Other,2.2624859102320656,5.4016024611001,-0.1967649664525543
719,15.59,2.0256060086,4.529392731,0,8.6062205832,30982.3940994637,55016469.31252208,34185648.8212015,0,0,Other,0.4417131031673082,0.7175541487510609,-1.4002554124808482
719,15.59,2.0256060086,4.529392731,0,4.2458309082,15284.991269407,246002794.58207357,152859048.38504103,1,0,Other,2.5539686323262076,6.489243256831245,0.4011214335804808
719,15.59,2.0256060086,4.529392731,0,3.752796571,13510.0676557181,272693358.8610249,169443795.98301643,1,0,Other,2.840013868494133,7.291409888378578,0.6697253916018823
719,15.59,2.0256060086,4.529392731,0,8.3173750452,29942.5501628245,32922264.56845932,20456946.60162192,0,0,Other,0.2597157752059148,0.08009082753943027,-1.723609576081452
887,13.88,4.4519981645,9.9549705315,0,6.8047888406,24497.2398263378,47952504.3562205,29796304.533954848,0,0,Other,1.3808344332205738,0.13738069939831107,-1.4009993755998704
887,13.88,4.4519981645,9.9549705315,0,6.1066272577,21983.8581276746,31612395.82131405,19643031.90387189,0,0,Other,1.2843246941515571,-0.31559841194730454,-1.7103611252040383
887,13.88,4.4519981645,9.9549705315,0,6.5135754194,23448.8715097255,32349299.251077276,20100922.46245942,0,0,Other,1.2591624409045346,-0.30947954172944686,-1.641997181604266
887,13.88,4.4519981645,9.9549705315,0,8.1524064419,29348.6631909835,48597542.27718052,30197112.51232648,0,0,Other,1.2808762256223891,0.10495280984993204,-1.1974831364489757
887,13.88,4.4519981645,9.9549705315,0,10.7038538763,38533.8739547768,66352458.41093496,41229505.81896613,0,0,Other,1.2448097504347977,0.5288251493888122,-0.6015158566258568
887,13.88,4.4519981645,9.9549705315,0,12.8240920609,46166.7314192976,56742769.880520016,35258322.25362743,0,0,Other,0.989106649745596,0.16597202695775917,-0.4166825140764618
887,13.88,4.4519981645,9.9549705315,0,8.8414145662,31829.0924381661,34197633.81777432,21249424.30546684,0,0,Other,1.0932988334623677,-0.3439481800223923,-1.2810955181009716
887,13.88,4.4519981645,9.9549705315,0,7.0959743392,25545.5076209953,20461806.32523,12714376.877008026,0,0,Other,1.1032430255586216,-0.6805773085270315,-1.7090496807689595
887,13.88,4.4519981645,9.9549705315,0,11.6621980775,41983.9130790619,50558981.85434912,31415894.549905006,0,0,Other,1.0231487671699209,0.028757660773676426,-0.6638507491450801
887,13.88,4.4519981645,9.9549705315,0,8.2486989913,29695.3163687272,12296599.148443067,7640752.404445592,0,0,Other,0.936978063041895,-0.9641609069836977,-1.6460257090523682
887,13.88,4.4519981645,9.9549705315,0,14.6558292871,52760.985433726,42148232.27347684,26189697.102346793,0,0,Other,0.709897545615735,-0.3321926973105609,-0.337169194185682
887,13.88,4.4519981645,9.9549705315,0,11.2689470236,40568.2092851296,24881868.106356133,15460875.910947315,0,0,Other,0.8161629226750955,-0.7098860737719902,-1.0479840276302035
887,13.88,4.4519981645,9.9549705315,0,13.0225431569,46881.1553647205,38656642.73116454,24020123.965197105,0,0,Other,0.8059384509460807,-0.3724246701244153,-0.6183516916359738
887,13.88,4.4519981645,9.9549705315,0,15.3029896614,55090.7627811044,54553572.58772464,33898018.13402456,0,0,Other,0.7739607435974023,0.007243497370999686,-0.08533006872262837
1036,9.26,37.3727431914,83.5679942816,0,6.3038666347,22693.9198850778,292651827.3251853,181845413.2160132,1,2,Asteroid,10.486302618633761,4.042843379217713,4.4729439102669195
1036,9.26,37.3727431914,83.5679942816,0,17.0936980471,61537.312969416,57051057.19171268,35449883.106007785,0,2,Asteroid,7.455283479290434,-3.283330140991476,3.0349112088462786
1036,9.26,37.3727431914,83.5679942816,0,19.3628682208,69706.3255947893,74241624.06748815,46131606.04454034,0,2,Asteroid,7.436177754322398,-2.865263569298487,3.5827804233474847
1036,9.26,37.3727431914,83.5679942816,0,13.6399767933,49103.9164559563,69452745.97155164,43155935.179416895,0,2,Asteroid,7.841677895219472,-2.7877096919953224,2.6924000957953447
1036,9.26,37.3727431914,83.5679942816,0,14.3047014983,51496.9253938195,53721228.79861753,33380823.686098635,0,2,Asteroid,7.643672018802717,-3.274768325680638,2.5883029854923896
1036,9.26,37.3727431914,83.5679942816,0,16.3343731636,58803.7433889877,55964126.61049577,34774495.76096693,0,2,Asteroid,7.5049026087743265,-3.2862927521027947,2.911020920092136
1036,9.26,37.3727431914,83.5679942816,0,18.6810528638,67251.79030955,69740659.1000354,43334836.10171071,0,2,Asteroid,7.4480728845325315,-2.9713831569717235,3.4266258942060825
1036,9.26,37.3727431914,83.5679942816,0,6.6728717597,24022.3383347675,292856375.61943173,181972513.6323333,1,2,Asteroid,10.459190741354982,4.0347835347653005,4.529026565343275
1036,9.26,37.3727431914,83.5679942816,0,14.9802975601,53929.071216288,14310368.255014906,8892050.503805462,2,2,Asteroid,7.225422122617061,-4.457237296849627,2.184091286254478
1036,9.26,37.3727431914,83.5679942816,0,6.2203932992,22393.4158769656,293177487.1332312,182172043.07470515,1,2,Asteroid,10.49773459579448,4.061452964107218,4.467544118386899
1036,9.26,37.3727431914,83.5679942816,0,14.471634734,52097.8850425638,56300844.63784704,34983722.64118366,0,2,Asteroid,7.654449786680812,-3.2054179108840724,2.6453610770451723
1036,9.26,37.3727431914,83.5679942816,0,15.0172032293,54061.9316255394,53729166.14744421,33385755.7259578,0,2,Asteroid,7.587736710449323,-3.3016899895368614,2.6916605495849537
1036,9.26,37.3727431914,83.5679942816,0,16.9054594842,60859.6541432042,61723834.23575578,38353412.12274662,0,2,Asteroid,7.513374013950832,-3.1390086122467125,3.0671656823082474
1036,9.26,37.3727431914,83.5679942816,0,15.7498558756,56699.4811523335,4291012.839106991,2666311.739702836,2,2,Asteroid,7.072098666295242,-4.780637609314391,2.1679633813540096
1221,17.37,0.8923905787,1.9954459964,0,13.2693801372,47769.7684937699,42642713.35721079,26496953.400115225,0,0,Other,-0.7018298156177251,0.5251708539256928,-1.1473545974467019
1221,17.37,0.8923905787,1.9954459964,0,10.770146893,38772.5288148976,27512683.816593137,17095588.990635835,0,0,Other,-0.6455482212518083,0.17634977360014775,-1.7023122017471721
1221,17.37,0.8923905787,1.9954459964,0,9.5575171387,34407.0616994431,20259954.36803261,12588951.886839643,0,0,Other,-0.6174215866201699,0.00969527256836594,-1.9704521153805312
1221,17.37,0.8923905787,1.9954459964,0,8.8556266599,31880.2559756877,17386853.493013125,10803689.786806123,0,0,Other,-0.5888661939954091,-0.04788090691921889,-2.108775914151401
1221,17.37,0.8923905787,1.9954459964,0,8.3949324676,30221.7568833475,16130912.997788206,10023284.550945003,0,0,Other,-0.5642879195835274,-0.06718532394104618,-2.1915416505851235
1221,17.37,0.8923905787,1.9954459964,0,8.3684255756,30126.332072001,15749211.66883686,9786106.343234267,0,0,Other,-0.5657407147418361,-0.07737815356518508,-2.20024617553279
1221,17.37,0.8923905787,1.9954459964,0,8.5747644312,30869.1519523011,16435049.701117927,10212266.335192312,0,0,Other,-0.5756064491191261,-0.06511251374615404,-2.1616053318346404
1221,17.37,0.8923905787,1.9954459964,0,8.7184154318,31386.2955543144,17175664.11548352,10672462.792685801,0,0,Other,-0.5800368676265281,-0.04885003171451443,-2.131351386105301
1221,17.37,0.8923905787,1.9954459964,0,9.3128718991,33526.3388369248,19175568.62610184,11915145.831605818,0,0,Other,-0.6082371864046521,-0.012807945042571026,-2.019722111499719
1221,17.37,0.8923905787,1.9954459964,0,11.0809543303,39891.4355891567,29233181.812329087,18164656.871849786,0,0,Other,-0.6540399584130941,0.2150015300025939,-1.6353494366421792
1221,17.37,0.8923905787,1.9954459964,0,13.1912995864,47488.678510874,41912256.69805735,26043068.679031458,0,0,Other,-0.7024596943988605,0.5067075060998153,-1.1679765940953748
1221,17.37,0.8923905787,1.9954459964,0,15.6005965509,56162.1475834193,55053910.78710397,34208913.87469183,0,0,Other,-0.7700938385087195,0.8005967766598232,-0.6513858251944722
1221,17.37,0.8923905787,1.9954459964,0,16.5038501233,59413.8604438174,74350006.67711806,46198951.8752967,0,0,Other,-0.6623188551084529,1.332518628920513,-0.2746407653204842
1221,17.37,0.8923905787,1.9954459964,0,12.3264976013,44375.3913646109,55154956.81799335,34271700.96681033,0,0,Other,-0.5117849230248112,0.9283438720205379,-1.1245840071993038
1221,17.37,0.8923905787,1.9954459964,0,9.078481039,32682.5317402475,38397313.9408921,23858984.527056847,0,0,Other,-0.41172229115103876,0.5602892187868528,-1.8087928527805446
1221,17.37,0.8923905787,1.9954459964,0,7.900199433,28440.7179587598,29543652.429635465,18357574.367740817,0,0,Other,-0.4011283776372427,0.34533780411800236,-2.0923519046404486
1221,17.37,0.8923905787,1.9954459964,0,7.5647837063,27233.2213426881,21022626.763932895,13062854.538494123,0,0,Other,-0.45370919514953123,0.10802633156901248,-2.249524026619781
1221,17.37,0.8923905787,1.9954459964,0,7.8502266721,28260.8160195851,17050658.489734948,10594787.898678336,0,0,Other,-0.5129478406325975,-0.019430865872474865,-2.2587627895550395
1221,17.37,0.8923905787,1.9954459964,0,7.8270908499,28177.5270597064,17255329.45423483,10721964.5387594,0,0,Other,-0.5092328840465847,-0.012541965393716418,-2.259508015362353
1221,17.37,0.8923905787,1.9954459964,0,7.974653063,28708.7510266672,16597892.278377524,10313452.020658843,0,0,Other,-0.5269237248330191,-0.0374617904134751,-2.246499330106966
1221,17.37,0.8923905787,1.9954459964,0,8.2590404314,29732.5455530886,16201301.952138264,10067022.219035508,0,0,Other,-0.5529534661521187,-0.05994031468048171,-2.210338454778488
1221,17.37,0.8923905787,1.9954459964,0,8.1154786747,29215.7232288699,16587700.325092295,10307119.034551872,0,0,Other,-0.5380882742852375,-0.04312802595435131,-2.2262205988559898
1221,17.37,0.8923905787,1.9954459964,0,8.2318375006,29634.6150020913,16333491.177845512,10149160.795073612,0,0,Other,-0.5495903436588269,-0.05502377124904424,-2.2125965538920376
1221,17.37,0.8923905787,1.9954459964,0,8.7801227103,31608.4417569673,17152212.569950625,10657890.678009598,0,0,Other,-0.5851048765978282,-0.05189010893385725,-2.1227074956512912
1221,17.37,0.8923905787,1.9954459964,0,9.3009283476,33483.3420514811,19668764.020861648,12221603.239290744,0,0,Other,-0.6027288571288469,0.0021226801435754402,-2.015169355699603
1221,17.37,0.8923905787,1.9954459964,0,10.4839876065,37742.3553834014,25401632.337144323,15783842.427802712,0,0,Other,-0.6426125269414884,0.12529577023941074,-1.7706788358723835
1221,17.37,0.8923905787,1.9954459964,0,12.9548490682,46637.4566455589,39040078.378142364,24258379.82815796,0,0,Other,-0.7104833931287238,0.431419711899235,-1.2388366315005346
1221,17.37,0.8923905787,1.9954459964,0,15.7320665777,56635.4396798381,55404097.23036964,34426509.64048737,0,0,Other,-0.777184046705308,0.8058643148353113,-0.6278714615816113
1221,17.37,0.8923905787,1.9954459964,0,18.6423605965,67112.4981475685,71462354.44720325,44404647.98260472,0,0,Other,-0.8571785598229574,1.1662629523374464,-0.0015163157999397924
1566,16.59,1.2780709882,2.8578536096,1,27.0080861823,97229.1102562397,12638511.931910517,7853207.156434507,0,1,Comet,-1.7883554787421623,-1.0229401702876082,0.5697096092804543
1566,16.59,1.2780709882,2.8578536096,1,25.1519915216,90547.1694777164,57753368.85167943,35886279.335549064,0,1,Comet,-1.2244604970056443,0.3719336166058586,0.875514899852662
1566,16.59,1.2780709882,2.8578536096,1,21.4737579719,77305.5286987428,50292635.57759286,31250394.647861093,0,1,Comet,-1.0044430659657673,0.29314240588113993,0.2474072066288058
1566,16.59,1.2780709882,2.8578536096,1,38.333305635,137999.9002860176,45934267.030547924,28542230.01199021,0,1,Comet,-2.370130845583353,-0.47732248901541513,2.635180672849583
1566,16.59,1.2780709882,2.8578536096,1,42.8973935929,154430.616934453,14868407.504756846,9238800.014606634,3,1,Comet,-3.016733559374875,-1.5630600148909408,2.900813649160828
1566,16.59,1.2780709882,2.8578536096,1,33.2679755467,119764.7119681139,60416673.53917282,37541180.12958796,0,1,Comet,-1.8377720465866583,0.14078876184218903,2.085623338332704
1566,16.59,1.2780709882,2.8578536096,1,30.2012829642,108724.6186709483,8564789.684822997,5321913.5297394795,0,1,Comet,-2.077111677327306,-1.2642032182972593,0.9805689190851486
1566,16.59,1.2780709882,2.8578536096,1,21.90535342,78859.2723118585,65209640.4141726,40519391.64420983,0,1,Comet,-0.900163979641595,0.7145122652241997,0.5000066780703011
1566,16.59,1.2780709882,2.8578536096,1,30.4454252187,109603.5307874431,19926662.535818588,12381853.945560994,4,1,Comet,-1.9910354815728657,-0.9400334229623049,1.1607078232972297
1566,16.59,1.2780709882,2.8578536096,1,23.5673811067,84842.5719841006,32918569.605788823,20454650.658282783,0,1,Comet,-1.3299910536242354,-0.2965832389989513,0.32946030415782934
1566,16.59,1.2780709882,2.8578536096,1,42.2781197935,152201.2312565896,63325216.55812102,39348464.95665136,0,1,Comet,-2.5191002488651346,-0.11723620753349567,3.4284388316168752
1566,16.59,1.2780709882,2.8578536096,1,29.3930519714,105814.987097076,55654417.31170961,34582051.326468214,0,1,Comet,-1.5772916383902804,0.14869486693851863,1.4633914716705736
1566,16.59,1.2780709882,2.8578536096,1,20.264778666,72953.2031976133,68564451.41220117,42603974.53499169,0,1,Comet,-0.7401181314083624,0.8755020358903601,0.30499545601483746
1566,16.59,1.2780709882,2.8578536096,1,24.5293323217,88305.5963580826,10760265.1215091,6686118.70706158,2,1,Comet,-1.6109057963885725,-0.9835978544899558,0.1865561388488188
1566,16.59,1.2780709882,2.8578536096,1,32.0968069642,115548.5050710487,16111752.771874772,10011378.938632973,4,1,Comet,-2.156193674842381,-1.1149391063823801,1.3514232505360182
1566,16.59,1.2780709882,2.8578536096,1,34.0550007381,122598.0026571337,26136251.168076057,16240313.402503332,0,1,Comet,-2.2172476648495643,-0.8953470204711199,1.7629251405603605
1566,16.59,1.2780709882,2.8578536096,1,37.6202878485,135433.036254519,70656928.11700077,43904179.26805957,0,1,Comet,-2.0850256420467352,0.27546951407131776,2.8468320641276916
1566,16.59,1.2780709882,2.8578536096,1,35.666966367,128401.078921227,13764845.455141615,8553078.354311634,3,1,Comet,-2.4585834583112427,-1.3198862782307828,1.838913080193597
1566,16.59,1.2780709882,2.8578536096,1,26.551468272,95585.2857790963,14765111.806138627,9174615.04378192,0,1,Comet,-1.7327583533985045,-0.9431213408522625,0.5306303531372574
1566,16.59,1.2780709882,2.8578536096,1,33.6738548566,121225.8774835955,13711289.836555652,8519800.436039891,4,1,Comet,-2.302403710197742,-1.2454973533539784,1.54938710723155
1566,16.59,1.2780709882,2.8578536096,1,25.6557990052,92360.8764188309,56963451.76649367,35395447.61898377,0,1,Comet,-1.2713827501285915,0.32954836498520207,0.9384631135415067
1566,16.59,1.2780709882,2.8578536096,1,21.2294054745,76425.8597080294,52833514.31996776,32829223.487106767,0,1,Comet,-0.9616935533978364,0.37703065916610534,0.24436783802528902
1566,16.59,1.2780709882,2.8578536096,1,37.7427262255,135873.8144118626,43210420.51889935,26849710.272834953,0,1,Comet,-2.3489426297776825,-0.5347602572417469,2.5148897781230857
1566,16.59,1.2780709882,2.8578536096,1,33.9210512526,122115.7845092707,61487609.72948061,38206629.0209701,0,1,Comet,-1.8791872526276276,0.14733126575305638,2.1939121150933887
1566,16.59,1.2780709882,2.8578536096,1,34.7788635314,125203.9087131998,13006917.450969871,8082123.730975379,4,1,Comet,-2.3957930457199104,-1.3082846202943499,1.7005518711815963
1566,16.59,1.2780709882,2.8578536096,1,40.5829825025,146098.7370091472,13686773.528183036,8504566.708414484,3,1,Comet,-2.8457485242616203,-1.5095352747844135,2.5503521871864745
1566,16.59,1.2780709882,2.8578536096,1,29.6050262786,106578.0946029686,6355247.754898025,3948967.838821745,0,1,Comet,-2.0507121392241903,-1.3063296183981872,0.8660078394586378
1566,16.59,1.2780709882,2.8578536096,1,22.4264425346,80735.1931246709,63552623.765938394,39489769.24322224,0,1,Comet,-0.9564784088019175,0.6460187429613957,0.5544119558048106
1566,16.59,1.2780709882,2.8578536096,1,36.6241257002,131846.8525206556,13953229.44521822,8670134.737768611,4,1,Comet,-2.5320791466704455,-1.3508360863016446,1.9800256660126152
1566,16.59,1.2780709882,2.8578536096,1,23.1596060368,83374.5817326348,35705721.41816573,22186506.4872719,0,1,Comet,-1.2721133787405479,-0.1992384889714964,0.3058752563722702
1566,16.59,1.2780709882,2.8578536096,1,41.689528805,150082.3036980673,60640308.24774369,37680140.29382545,0,1,Comet,-2.4977075773254462,-0.17360690961043798,3.3089321985255506
1566,16.59,1.2780709882,2.8578536096,1,29.9245501837,107728.3806614442,55820375.32445111,34685172.85377702,0,1,Comet,-1.6175344285093116,0.13330950369706232,1.5425311164579734
1566,16.59,1.2780709882,2.8578536096,1,20.2062943733,72742.6597438282,70418576.76284803,43756074.60429356,0,1,Comet,-0.7183422596755515,0.9321501190704683,0.32014260641047526
1566,16.59,1.2780709882,2.8578536096,1,22.8737125139,82345.3650499889,9371209.629118225,5822999.647452505,2,1,Comet,-1.4936292628988794,-0.96126863253082,-0.07107533951333399
1566,16.59,1.2780709882,2.8578536096,1,42.7988752907,154075.9510466114,14677229.1910263,9120007.318944966,3,1,Comet,-3.010760431552294,-1.5649164606503534,2.8841005471377748
1566,16.59,1.2780709882,2.8578536096,1,33.6426085752,121113.390870662,24044659.49923514,14940658.605279332,0,1,Comet,-2.2042086704864947,-0.9410189272717524,1.6765126469107356
1566,16.59,1.2780709882,2.8578536096,1,38.831248955,139792.4962379366,17638824.820682365,10960257.50967801,4,1,Comet,-2.671431186318791,-1.3267798710244079,2.346840951481098
1566,16.59,1.2780709882,2.8578536096,1,37.9701330625,136692.4790250986,71441720.03899948,44391826.35589362,0,1,Comet,-2.1052554182279954,0.28517021469543186,2.907530723764613
1566,16.59,1.2780709882,2.8578536096,1,26.4609754988,95259.5117957124,15138469.957161566,9406609.04112297,0,1,Comet,-1.7221856641511422,-0.9287143339884263,0.5222728764496289
1566,16.59,1.2780709882,2.8578536096,1,25.6179544834,92224.6361401212,56868805.38288503,35336637.08329013,0,1,Comet,-1.2692847407887193,0.3282127822608006,0.9317727931357289
1566,16.59,1.2780709882,2.8578536096,1,21.3246215687,76768.637647306,51882737.48753054,32238438.158509985,0,1,Comet,-0.9779873287459913,0.3454962227515106,0.2460531372743043
1566,16.59,1.2780709882,2.8578536096,1,38.0518453153,136986.6431352388,44427955.90486277,27606251.6803814,0,1,Comet,-2.3619616034836826,-0.5108062624191119,2.575199798889542
1566,16.59,1.2780709882,2.8578536096,1,33.4789683213,120524.2859566339,60466409.50526365,37572084.625856265,0,1,Comet,-1.8538971138103173,0.13420724174388962,2.1168342826827313
1566,16.59,1.2780709882,2.8578536096,1,30.2225840152,108801.3024548903,8053781.761441007,5004387.930007617,0,1,Comet,-2.0835206209687493,-1.280013276568215,0.9771453180517714
1566,16.59,1.2780709882,2.8578536096,1,21.7030019228,78130.8069219958,65647162.34826065,40791255.16757305,0,1,Comet,-0.8802037411305073,0.7350656211069894,0.47625601525085515
1566,16.59,1.2780709882,2.8578536096,1,23.8736170043,85945.021215484,30767018.796496384,19117738.978806794,0,1,Comet,-1.3739980124156423,-0.37140307712084863,0.34642816319470265
1566,16.59,1.2780709882,2.8578536096,1,42.2723608571,152180.4990856968,14338516.515435172,8909541.021784518,3,1,Comet,-2.972509984177545,-1.554791440011249,2.8034821507595353
1566,16.59,1.2780709882,2.8578536096,1,42.8342999172,154203.479701749,65467984.29694832,40679919.08921012,0,1,Comet,-2.54296808357893,-0.0755422659690917,3.5363412311147084
1566,16.59,1.2780709882,2.8578536096,1,28.714476,103372.1136000389,55128806.811121605,34255452.10600992,0,1,Comet,-1.528819439271309,0.15912969735325594,1.3583549721711656
1566,16.59,1.2780709882,2.8578536096,1,30.0362079575,108130.348647068,20686979.84237104,12854293.212552778,4,1,Comet,-1.951823086964668,-0.902121924845432,1.1110905955198511
1566,16.59,1.2780709882,2.8578536096,1,20.4008446783,73443.0408417457,65021572.16536042,40402531.453277,0,1,Comet,-0.7836389303656254,0.7663317378482238,0.27957571149531435
1566,16.59,1.2780709882,2.8578536096,1,35.0199700315,126071.892113279,30336121.63952363,18849991.90106089,0,1,Comet,-2.254190807708803,-0.8088561169226851,1.9562784732162135
1566,16.59,1.2780709882,2.8578536096,1,36.4965075318,131387.4271143677,67306273.53123252,41822179.052096024,0,1,Comet,-2.027730571504873,0.21995591056017988,2.641283242007617
1566,16.59,1.2780709882,2.8578536096,1,27.7088208197,99751.7549508289,8770742.044838153,5449886.392072418,0,1,Comet,-1.879274270863881,-1.1631665701967064,0.6219828699342888
1566,16.59,1.2780709882,2.8578536096,1,39.8895572035,143602.4059324247,13316126.988151718,8274257.628012989,3,1,Comet,-2.794673295337211,-1.4939862718537267,2.4451380494259873
1566,16.59,1.2780709882,2.8578536096,1,32.5298227645,117107.3619520268,14809138.638797073,9201972.049034689,4,1,Comet,-2.2023012295360327,-1.1696741851301689,1.3975801748850218
1566,16.59,1.2780709882,2.8578536096,1,24.2882130157,87437.5668563872,58835482.15708554,36558673.364203006,0,1,Comet,-1.1465341811974645,0.436614012286002,0.7641221068059805
1566,16.59,1.2780709882,2.8578536096,1,21.9008196919,78842.9508906888,45885162.06827276,28511717.60331161,0,1,Comet,-1.07884914211895,0.147505669264866,0.25314335294070855
1566,16.59,1.2780709882,2.8578536096,1,39.3764904682,141755.3656854512,50355385.256872214,31289385.49053589,0,1,Comet,-2.411172548353447,-0.38731882027577075,2.842687915682336
1566,16.59,1.2780709882,2.8578536096,1,32.2074077744,115946.6679877363,58117082.742178984,36112280.66728449,0,1,Comet,-1.7757079129443987,0.11371506851757295,1.9026265682503258
1566,16.59,1.2780709882,2.8578536096,1,34.1516823994,122946.056637691,12676603.050202671,7876875.879807967,4,1,Comet,-2.349551508055651,-1.294076532189338,1.6054517593263282
1566,16.59,1.2780709882,2.8578536096,1,31.2749099722,112589.6759000262,12476724.79754334,7752677.292770467,0,1,Comet,-2.125263988879314,-1.1903044325509446,1.1860005506022058
1566,16.59,1.2780709882,2.8578536096,1,20.9947849029,75581.2256504965,68182050.36913246,42366361.54508954,0,1,Comet,-0.8010459370136284,0.8364566942899664,0.4059166275963454
1566,16.59,1.2780709882,2.8578536096,1,36.2348880311,130445.5969118642,12942647.079422388,8042187.973941433,4,1,Comet,-2.5108447315903955,-1.3656624938443263,1.9107414982512079
1566,16.59,1.2780709882,2.8578536096,1,24.4508600902,88023.0963245666,26844723.417927273,16680537.6450915,0,1,Comet,-1.4557144713439643,-0.5085233483014705,0.38011021939411116
1566,16.59,1.2780709882,2.8578536096,1,43.6468634704,157128.7084932694,68934762.13493389,42834074.948199876,0,1,Comet,-2.574722919667804,-0.004759420163442267,3.698267705074879
1566,16.59,1.2780709882,2.8578536096,1,24.0501613678,86580.5809240422,9055060.860098343,5626553.911693361,2,1,Comet,-1.589037522291351,-1.0153841210948222,0.09538882276509923
1566,16.59,1.2780709882,2.8578536096,1,28.0049674026,100817.8826493931,54965473.807164796,34153961.68352458,0,1,Comet,-1.4745591601605847,0.1813763776233799,1.25345133521401
1566,16.59,1.2780709882,2.8578536096,1,20.5164325303,73859.1571091531,62642363.85605431,38924159.962871104,0,1,Comet,-0.8147685404259704,0.6920959965705707,0.26601416904180136
1566,16.59,1.2780709882,2.8578536096,1,35.589998258,128123.9937287975,32977907.855240703,20491521.736757558,0,1,Comet,-2.274523811107963,-0.7530436038178517,2.0725455697195505
1566,16.59,1.2780709882,2.8578536096,1,38.6175768077,139023.2765077272,16710218.497297652,10383248.296599492,4,1,Comet,-2.663238242778888,-1.3458913509081138,2.3040443357969123
1566,16.59,1.2780709882,2.8578536096,1,35.9178424675,129304.2328830094,65645957.03822206,40790506.222644106,0,1,Comet,-1.9976253071122199,0.19327899999838982,2.5362690426745647
1566,16.59,1.2780709882,2.8578536096,1,28.1697435614,101411.0768211469,6513101.048715892,4047053.3273156295,0,1,Comet,-1.936423891253971,-1.246995561163552,0.6600164381518707
1566,16.59,1.2780709882,2.8578536096,1,23.8337421378,85801.4716962521,59674592.856244214,37080072.57505754,0,1,Comet,-1.1030344359300046,0.4785628114042349,0.7089505598536552
1566,16.59,1.2780709882,2.8578536096,1,40.9690419333,147488.5509600337,22141357.020300608,13758001.285418045,4,1,Comet,-2.797764331065038,-1.2761040163681605,2.714017127487535
1566,16.59,1.2780709882,2.8578536096,1,22.1497146803,79738.9728491858,43530368.92421936,27048516.993110687,0,1,Comet,-1.120231648501868,0.06890596363522442,0.2592118740210812
1566,16.59,1.2780709882,2.8578536096,1,39.9341095883,143762.79451779,52769673.08487016,32789554.383097913,0,1,Comet,-2.4326378634360855,-0.33771052312133826,2.9542581966351356
1566,16.59,1.2780709882,2.8578536096,1,31.6954488171,114103.6157416756,57197047.85315273,35540597.49654445,0,1,Comet,-1.7439876110742063,0.10622336992916176,1.8167111463371834
1566,16.59,1.2780709882,2.8578536096,1,31.7892748516,114441.3894657974,14791965.147396173,9191300.93630424,0,1,Comet,-2.144246819754304,-1.1419547182043601,1.290040456701834
1566,16.59,1.2780709882,2.8578536096,1,20.5935336069,74136.7209849131,69841944.18832102,43397771.7372072,0,1,Comet,-0.7541251481753206,0.9004674435732066,0.3689150189796449
1566,16.59,1.2780709882,2.8578536096,1,35.4787607902,127723.5388447805,14356505.240428636,8920718.697179763,3,1,Comet,-2.4383071231999707,-1.2953480535839772,1.8191762732233245
1566,16.59,1.2780709882,2.8578536096,1,24.849561004,89458.4196143982,24249639.278618064,15068027.134030724,0,1,Comet,-1.5110993288621537,-0.5998850218438483,0.4048272975285442
1566,16.59,1.2780709882,2.8578536096,1,44.2344192004,159243.9091215246,71268072.53118233,44283926.797905035,0,1,Comet,-2.5992917702931715,0.04133123040186625,3.8131447237717273
1566,16.59,1.2780709882,2.8578536096,1,22.8117299688,82122.2278877333,10728415.226353342,6666328.09991444,2,1,Comet,-1.476182366260728,-0.9190719727480158,-0.06276623673693803
1566,16.59,1.2780709882,2.8578536096,1,27.5180818836,99065.0947809636,54936503.76076525,34135960.53141642,0,1,Comet,-1.4365541213314532,0.19908211578134602,1.1825223197804142
1566,16.59,1.2780709882,2.8578536096,1,20.6270560667,74257.4018401103,60926660.172856115,37858071.12932784,0,1,Comet,-0.8393605326678948,0.6375235185069926,0.26018666920449196
1566,16.59,1.2780709882,2.8578536096,1,35.9826082248,129537.3896091677,34653562.57298291,21532725.297111917,0,1,Comet,-2.2898614138582034,-0.718825642041956,2.1507919039659362
1566,16.59,1.2780709882,2.8578536096,1,35.6259064791,128253.2633247794,64732291.069074035,40222780.51520639,0,1,Comet,-1.983141720734721,0.17758878942342632,2.482320705480917
1566,16.59,1.2780709882,2.8578536096,1,35.3307807185,127190.8105864999,13207723.165543841,8206898.616123339,3,1,Comet,-2.437318080848637,-1.323425393898616,1.7830946356101778
1566,16.59,1.2780709882,2.8578536096,1,28.2663341365,101758.8028915012,5918181.94471561,3677387.737711018,0,1,Comet,-1.9495286861193226,-1.2681378475376714,0.6664347850119888
1566,16.59,1.2780709882,2.8578536096,1,29.7953506528,107263.262350121,21066291.07607297,13089986.283942211,4,1,Comet,-1.9293752791963996,-0.8818095504779363,1.0810179921940786
1566,16.59,1.2780709882,2.8578536096,1,23.8939447742,86018.201187093,59379562.11542225,36896748.97353913,0,1,Comet,-1.1105003518258667,0.4676091456796476,0.7139163023623633
1566,16.59,1.2780709882,2.8578536096,1,21.980783726,79130.8214135917,45150980.96070865,28055518.617299344,0,1,Comet,-1.091937210250043,0.12290966541214633,0.255377877901555
1566,16.59,1.2780709882,2.8578536096,1,39.5328471856,142318.2498682828,50822751.06843804,31579793.139461275,0,1,Comet,-2.419133398977424,-0.3795605048184133,2.871301823051588
1566,16.59,1.2780709882,2.8578536096,1,32.2340126719,116042.4456188346,57821781.99216145,35928789.289831825,0,1,Comet,-1.7805352552832434,0.10403394371767856,1.902719853990452
1566,16.59,1.2780709882,2.8578536096,1,30.2688062224,108967.7024005165,19697657.114116855,12239556.574932294,4,1,Comet,-1.9792734269368728,-0.9400235584631192,1.1321943517459483
1566,16.59,1.2780709882,2.8578536096,1,30.9442996328,111399.4786780498,10523928.342032494,6539265.841952656,0,1,Comet,-2.1173678193290226,-1.2350194986282055,1.1132082979438827
1566,16.59,1.2780709882,2.8578536096,1,21.3729802715,76942.7289774032,66469841.172499165,41302444.0848098,0,1,Comet,-0.8466390316240453,0.7717891723739503,0.43891041742246956
1566,16.59,1.2780709882,2.8578536096,1,31.0204462461,111673.6064860655,17650858.48830495,10967734.884008233,4,1,Comet,-2.0573225028980557,-1.02874398074745,1.2150452160106977
1566,16.59,1.2780709882,2.8578536096,1,24.1521970773,86947.909478257,10138878.444278643,6300006.93007158,2,1,Comet,-1.5870168340910165,-0.9874624924116269,0.1239844697226161
1566,16.59,1.2780709882,2.8578536096,1,23.8650380259,85914.136893218,30676149.5795878,19061275.465667687,0,1,Comet,-1.3741655344400767,-0.37374315743616066,0.3440271570669377
1566,16.59,1.2780709882,2.8578536096,1,42.7538922974,153914.0122708117,64911720.549526475,40334272.82439245,0,1,Comet,-2.541801134770747,-0.08880430977895491,3.5176013232120464
1566,16.59,1.2780709882,2.8578536096,1,29.0536255741,104593.0520667298,54716949.28921928,33999535.70890084,0,1,Comet,-1.5592954181736136,0.13411599734471166,1.4022575251931277
1566,16.59,1.2780709882,2.8578536096,1,35.6059055347,128181.2599248703,12906224.77024944,8019556.200470647,3,1,Comet,-2.4617386767825984,-1.3427599294511994,1.819124705358169
1566,16.59,1.2780709882,2.8578536096,1,20.2156437077,72776.3173478363,68595121.74311176,42623032.1949041,0,1,Comet,-0.7359715342740579,0.8782748346210054,0.29826553028963226
1566,16.59,1.2780709882,2.8578536096,1,31.8118290267,114522.5844961441,15690245.349609377,9749466.371484376,4,1,Comet,-2.1376971963421636,-1.1164494951199995,1.304753697462063
1566,16.59,1.2780709882,2.8578536096,1,34.130237584,122868.8553024076,25758282.380780146,16005454.4886302,0,1,Comet,-2.226663822811723,-0.9093079221339171,1.7690129710982958
1566,16.59,1.2780709882,2.8578536096,1,37.7100053675,135756.0193229154,70105063.1603082,43561266.28505711,0,1,Comet,-2.0971912575233183,0.25585282377817914,2.8528028986272793
1566,16.59,1.2780709882,2.8578536096,1,26.2547642246,94517.1512084642,16003128.127850989,9943882.714678088,0,1,Comet,-1.6979645905098002,-0.8954772956392233,0.5034048416186638
1566,16.59,1.2780709882,2.8578536096,1,32.3581424602,116489.3128566955,14465703.263168555,8988571.202147884,4,1,Comet,-2.1919875942230793,-1.173211096757255,1.3683245120742389
1566,16.59,1.2780709882,2.8578536096,1,26.1297563672,94067.1229220348,55685450.3725756,34601334.37632344,0,1,Comet,-1.3204806311606991,0.27397532660668933,0.9908669105897921
1566,16.59,1.2780709882,2.8578536096,1,20.8934132115,75216.287561481,56603059.621898524,35171510.32444267,0,1,Comet,-0.9003567440178903,0.5004731979976267,0.24370194916322832
1566,16.59,1.2780709882,2.8578536096,1,36.9176664616,132903.5992618702,38860651.72508967,24146889.275836617,0,1,Comet,-2.324386405719016,-0.6309829078199091,2.3399024681326925
1566,16.59,1.2780709882,2.8578536096,1,34.9342042653,125763.1353551815,62899651.12907421,39084030.86101361,0,1,Comet,-1.9457473299428152,0.15016216669026844,2.358729541925545
1566,16.59,1.2780709882,2.8578536096,1,32.3135782706,116328.8817743299,14485596.144650312,9000932.065519799,4,1,Comet,-2.188300152574405,-1.1709288190898783,1.362119674910622
1580,14.69,3.0658787593,6.8555133165,0,28.6869570374,103273.0453347271,72648656.68514957,45141782.011905424,0,1,Comet,-0.559375822838965,0.25627029388676253,1.9019836368819338
1580,14.69,3.0658787593,6.8555133165,0,28.2361543166,101650.1555396894,57344297.9940201,35632094.49130741,0,1,Comet,-0.665733888765542,-0.17573649909269082,1.6416654915372622
1580,14.69,3.0658787593,6.8555133165,0,11.3576534268,40887.5523363058,276689983.452242,171927183.34779647,1,0,Other,2.6933041763195473,6.905394618786445,1.990222105699717
1580,14.69,3.0658787593,6.8555133165,0,27.9374269438,100574.736997522,41149387.925033115,25569044.00429044,0,1,Comet,-0.7922973734642887,-0.6396770937173695,1.3920400543261
1580,14.69,3.0658787593,6.8555133165,0,27.8499348525,100259.765469176,28151962.69827133,17492818.467935048,0,1,Comet,-0.9058410526710614,-1.017821052985759,1.2137650526293413
1580,14.69,3.0658787593,6.8555133165,0,27.9571276308,100645.6594708145,23617752.29697273,14675390.77042642,0,1,Comet,-0.9562768602471732,-1.1549868183259289,1.1715307742184262
1580,14.69,3.0658787593,6.8555133165,0,11.1486205153,40135.0338551808,287620355.26454306,178719001.45117,1,0,Other,2.8110060281702425,7.234170986142123,2.0991888273633053
1580,14.69,3.0658787593,6.8555133165,0,28.2281235447,101621.2447609438,19418203.924699053,12065912.41501476,0,1,Comet,-1.0164883741794817,-1.28857296044628,1.1572988136694966
1580,14.69,3.0658787593,6.8555133165,0,28.8707324589,103934.636852062,27669292.201816224,17192900.928798933,0,1,Comet,-0.9905565930193981,-1.070891877227559,1.3555504921952666
1580,14.69,3.0658787593,6.8555133165,0,29.2104915499,105157.7695796357,35573935.49335621,22104618.510791197,0,1,Comet,-0.9440279928355612,-0.8518369498131713,1.5054989505138678
1580,14.69,3.0658787593,6.8555133165,0,30.3291377618,109184.8959423061,52686209.142044015,32737692.29390278,0,1,Comet,-0.8734178913784071,-0.3922199242859959,1.8856356181426852
1580,14.69,3.0658787593,6.8555133165,0,31.8636803417,114709.2492301236,71484894.73227084,44418653.86628426,0,1,Comet,-0.8198762410092166,0.10104330731396592,2.3475303616744347
1580,14.69,3.0658787593,6.8555133165,0,12.0654752012,43435.7107244168,295386215.65465766,183544483.33701888,1,0,Other,2.8108840577349112,7.427158518559321,2.331002351673186
1580,14.69,3.0658787593,6.8555133165,0,28.7177718588,103383.9786917012,72671213.2315056,45155797.999881074,0,1,Comet,-0.561589149752189,0.25575793130237273,1.9067367353992941
1580,14.69,3.0658787593,6.8555133165,0,11.5815571611,41693.6057799748,279028580.8017739,173380320.35793707,1,0,Other,2.697370526747045,6.965499826196835,2.0524656860871193
1580,14.69,3.0658787593,6.8555133165,0,28.2327619199,101637.9429115154,56859612.90792906,35330925.14421863,0,1,Comet,-0.6699578306806127,-0.1898328655764288,1.6349986621603922
1580,14.69,3.0658787593,6.8555133165,0,27.8883432546,100398.0357165942,43050850.96351791,26750558.34885673,0,1,Comet,-0.7708218868109016,-0.581997907493003,1.409152661854373
1580,14.69,3.0658787593,6.8555133165,0,27.869949135,100331.8168860486,36158584.643741846,22467902.647131585,0,1,Comet,-0.8332328892390719,-0.7835870135906924,1.3186750590040333
1580,14.69,3.0658787593,6.8555133165,0,11.325313803,40771.12969085,279308122.328734,173554019.40825805,1,0,Other,2.7201034447737453,6.983470317098006,2.018892190800069
1580,14.69,3.0658787593,6.8555133165,0,27.9023658016,100448.5168856945,26122369.757321954,16231687.893830884,0,1,Comet,-0.9287667884130366,-1.0793884609103765,1.1955050757970367
1580,14.69,3.0658787593,6.8555133165,0,28.1813696056,101452.9305802608,22556535.809394162,14015981.422262875,0,1,Comet,-0.983736419618929,-1.1946800837657434,1.1905075560711438
1580,14.69,3.0658787593,6.8555133165,0,11.2307009674,40430.5234824953,295478278.66256887,183601688.63748989,1,0,Other,2.877357555498,7.461675232347725,2.2111990076092587
1580,14.69,3.0658787593,6.8555133165,0,28.3357217653,102008.5983549792,25821226.10345668,16044565.904280957,0,1,Comet,-0.9656224453921973,-1.104743037223269,1.2544706754855675
1580,14.69,3.0658787593,6.8555133165,0,28.8924213901,104012.7170044871,35539470.17863925,22083202.757287756,0,1,Comet,-0.9193442267916525,-0.8407263339360048,1.4589648062906324
1580,14.69,3.0658787593,6.8555133165,0,29.8783860743,107562.189867552,50109525.51082524,31136615.328388844,0,1,Comet,-0.861857887534809,-0.45066748404187496,1.7874836414005442
1620,15.27,2.3472263753,5.2485577338,1,11.7628245556,42346.1684003018,5071234.172182516,3151118.7952740807,0,0,Other,-0.1301184656202629,-0.9407139916039367,-1.5230307471618156
1620,15.27,2.3472263753,5.2485577338,1,8.1164556507,29219.2403426058,52182013.92062161,32424399.910871737,0,0,Other,0.5929999321814128,0.5809710770397666,-1.4512443829288293
1620,15.27,2.3472263753,5.2485577338,1,8.5838550861,30901.8783099642,42132778.76862648,26180094.739700247,0,0,Other,0.4631519620497227,0.26820956323180906,-1.5115421308580899
1620,15.27,2.3472263753,5.2485577338,1,7.0812786806,25492.6032501879,54202471.24876541,33679853.87840626,0,0,Other,0.6930934316630837,0.6797244393302405,-1.5755212996603232
1620,15.27,2.3472263753,5.2485577338,1,12.1053225559,43579.1612012504,12207109.8970863,7585146.36213894,0,0,Other,-0.0909278094797262,-0.7443270131461219,-1.3824799571098074
1620,15.27,2.3472263753,5.2485577338,1,20.0282100039,72101.5560141091,46547489.9126559,28923269.041917495,0,1,Comet,-0.3955717535791014,-0.038380730679140405,0.20323106896697427
1620,15.27,2.3472263753,5.2485577338,1,22.2397728714,80063.1823369903,58605183.31219979,36415572.29767563,0,1,Comet,-0.4577051841541455,0.23122993592731786,0.6773556651516821
1620,15.27,2.3472263753,5.2485577338,1,10.5595659928,38014.4375741416,9945899.914659876,6180095.632127249,0,0,Other,0.009631991997354136,-0.751782864963659,-1.635301757816067
1620,15.27,2.3472263753,5.2485577338,1,7.6540792423,27554.6852723302,40942761.14790042,25440652.07859289,0,0,Other,0.5252149202754473,0.26871748574686855,-1.6614477322026031
1620,15.27,2.3472263753,5.2485577338,1,7.7912273787,28048.4185634584,40505196.12962582,25168761.783957545,0,0,Other,0.5103798352209676,0.2506478739913023,-1.647146952153232
1620,15.27,2.3472263753,5.2485577338,1,7.9097865672,28475.2316419494,64843739.567371294,40292031.40084207,0,0,Other,0.7265569832202793,0.9604731226013903,-1.3198765307544051
1620,15.27,2.3472263753,5.2485577338,1,14.9940478699,53978.5723315745,21995292.562231287,13667241.03978228,0,0,Other,-0.22731915980982303,-0.5671349732255623,-0.8391353545091769
1620,15.27,2.3472263753,5.2485577338,1,16.7374334297,60254.7603467558,28668619.152988568,17813853.90228544,0,0,Other,-0.30253600345028203,-0.43771411190710735,-0.5014597636640493
1620,15.27,2.3472263753,5.2485577338,1,9.1771139874,33037.610354631,69038182.4635376,42898337.360506564,0,0,Other,0.665795568929133,1.0352813534213063,-1.0827743179249332
1620,15.27,2.3472263753,5.2485577338,1,7.9958940309,28785.2185113729,28970013.4880046,18001131.65787948,0,0,Other,0.38741762890819725,-0.09571347184024079,-1.76445211558437
1620,15.27,2.3472263753,5.2485577338,1,9.0553678383,32599.324217862,22664707.620665457,14083196.268993,0,0,Other,0.24571500656250023,-0.3211544497550152,-1.6912458062482418
1620,15.27,2.3472263753,5.2485577338,1,23.559510305,84814.2370980958,65282200.85640464,40564478.612302326,0,1,Comet,-0.4995853947721776,0.3769050634469584,0.9536827866064738
1620,15.27,2.3472263753,5.2485577338,1,18.7506273968,67502.2586283896,40789537.115290344,25345443.079628933,0,0,Other,-0.3484901325502045,-0.15868761580155324,-0.055277457969740415
1620,15.27,2.3472263753,5.2485577338,1,13.1765361147,47435.5300128685,9066131.117438132,5633432.650632941,0,0,Other,-0.20423574540792533,-0.8773414391295574,-1.267256747783132
1620,15.27,2.3472263753,5.2485577338,1,8.454069734,30434.6510424546,57549151.79703669,35759384.74197456,0,0,Other,0.616187126707771,0.7256311897694772,-1.333936233519778
1620,15.27,2.3472263753,5.2485577338,1,8.5330336531,30718.921151238,40560011.81107079,25202822.668983225,0,0,Other,0.4525752626521554,0.22398525866937605,-1.538945285275708
1620,15.27,2.3472263753,5.2485577338,1,11.0596572992,39814.7662770469,13382850.71988784,8315717.832378592,0,0,Other,0.0021638509331839573,-0.6699666140636736,-1.5190390784427523
1620,15.27,2.3472263753,5.2485577338,1,21.4485046973,77214.6169101518,54173029.72971878,33661559.766779914,0,1,Comet,-0.4365685698444601,0.1313014126999671,0.506215829664494
1620,15.27,2.3472263753,5.2485577338,1,20.526268823,73894.5677626718,49995377.4292051,31065686.999460407,0,1,Comet,-0.4027787946423923,0.04383397753838381,0.3193385390637301
1620,15.27,2.3472263753,5.2485577338,1,12.2172325812,43982.0372921677,4982315.591820436,3095867.3514805767,0,0,Other,-0.16666273003004087,-0.9606420258618763,-1.4583103783488076
1620,15.27,2.3472263753,5.2485577338,1,8.5411975532,30748.3111913743,58505274.18024305,36353491.64179599,0,0,Other,0.6181966072995885,0.7503730895498782,-1.3091279714436572
1620,15.27,2.3472263753,5.2485577338,1,8.5006789472,30602.4442099986,39955579.6737987,24827245.954606008,0,0,Other,0.44951855269972735,0.20747808123164146,-1.551335014908703
1620,15.27,2.3472263753,5.2485577338,1,9.7438581725,35077.8894209805,18715094.429372024,11629020.433568917,0,0,Other,0.1550004441039345,-0.4633163250340392,-1.6417897381837812
1620,15.27,2.3472263753,5.2485577338,1,23.8467226331,85848.2014792882,66746802.151161484,41474539.65677286,0,1,Comet,-0.5085932370300483,0.4089454218627152,1.0139658370740574
1620,15.27,2.3472263753,5.2485577338,1,17.7053223156,63739.1603359984,35667446.8330458,22162723.76289796,0,0,Other,-0.31377627537154174,-0.2691842238267151,-0.2720228043814659
1620,15.27,2.3472263753,5.2485577338,1,15.2835394746,55020.7421085179,20533456.254986078,12758898.078882888,0,0,Other,-0.2636196570117884,-0.6210733256617422,-0.815806687817148
1620,15.27,2.3472263753,5.2485577338,1,9.311843181,33522.6354515547,70749661.23361084,43961800.954767935,0,0,Other,0.671061553611691,1.0803790278636882,-1.0414438922408946
1620,15.27,2.3472263753,5.2485577338,1,8.3615367577,30101.5323275904,25497038.872409794,15843125.299833372,0,0,Other,0.3264977659832766,-0.21158159835096477,-1.7557107515083032
1620,15.27,2.3472263753,5.2485577338,1,7.7371198227,27853.6313617154,36710190.46700401,22810654.612086885,0,0,Other,0.47947238210895166,0.14132541946962096,-1.703339086196409
1620,15.27,2.3472263753,5.2485577338,1,8.079800115,29087.2804139214,68037218.83686852,42276367.40402451,0,0,Other,0.7427800646926931,1.047723222085905,-1.2545510221791802
1620,15.27,2.3472263753,5.2485577338,1,13.743004165,49474.8149939838,17000084.83541127,10563362.887078753,0,0,Other,-0.17525688448865273,-0.666066497656903,-1.0840799750102192
1620,15.27,2.3472263753,5.2485577338,1,19.2045504108,69136.3814787295,42103771.2479605,26162070.30216269,0,0,Other,-0.37199604197320524,-0.13741420170732865,0.027249691243585367
1620,15.27,2.3472263753,5.2485577338,1,22.5440207322,81158.474635767,60362115.5699785,37507279.379529275,0,1,Comet,-0.4653437174818124,0.27120104551272417,0.7438320060606702
1620,15.27,2.3472263753,5.2485577338,1,11.0130444381,39646.959977111,7162965.909509113,4450860.62701924,0,0,Other,-0.051799288616964735,-0.8507456527974544,-1.6050395952645877
1620,15.27,2.3472263753,5.2485577338,1,7.9256440787,28532.3186834794,47281554.19924333,29379395.438740857,0,0,Other,0.5625965597833876,0.44441322354247104,-1.5413319909093166
1620,15.27,2.3472263753,5.2485577338,1,8.4039930071,30254.3748254044,42183349.19163617,26211517.743454423,0,0,Other,0.47775922523932324,0.27654866405595446,-1.5369636168576295
1620,15.27,2.3472263753,5.2485577338,1,7.4145378299,26692.3361875427,59244730.40789911,36812968.43543942,0,0,Other,0.713612956265168,0.8150152355586918,-1.4629834354589784
1620,15.27,2.3472263753,5.2485577338,1,12.951693292,46626.0958512814,14450842.121004032,8979336.916606361,0,0,Other,-0.1366717190359762,-0.7107293803756797,-1.2312365020102833
1620,15.27,2.3472263753,5.2485577338,1,19.2698532646,69371.4717525913,42535445.62570705,26430300.32250308,0,0,Other,-0.3731299466825465,-0.1272332264393894,0.04221325315356191
1620,15.27,2.3472263753,5.2485577338,1,22.8747569025,82349.1248491361,62071009.9022094,38569137.078581765,0,1,Comet,-0.47550953490794456,0.3087527136186276,0.8135350242120565
1620,15.27,2.3472263753,5.2485577338,1,10.2248449034,36809.4416523718,11723943.588410648,7284920.739574995,0,0,Other,0.05241758655257923,-0.6868399580701612,-1.6611564396098717
1620,15.27,2.3472263753,5.2485577338,1,7.7450099071,27882.035665694,40174694.62680261,24963397.672963563,0,0,Other,0.5109508305451821,0.2427089780251807,-1.6580556345382995
1620,15.27,2.3472263753,5.2485577338,1,7.6484847278,27534.5450200407,40370422.0472022,25085017.052434307,0,0,Other,0.520351968389061,0.2521323733477067,-1.669550463180039
1620,15.27,2.3472263753,5.2485577338,1,7.8692347741,28329.2451867277,65650622.27771758,40793405.06804538,0,0,Other,0.7372204869249289,0.9857008747221621,-1.315473130569052
1620,15.27,2.3472263753,5.2485577338,1,15.0059270698,54021.3374511623,22560413.71529988,14018391.04125717,0,0,Other,-0.22301711336963492,-0.5510012296352772,-0.8302138021716926
1620,15.27,2.3472263753,5.2485577338,1,16.6942665049,60099.3594177599,28427136.057186093,17663803.26449431,0,0,Other,-0.30138005095978404,-0.4431565516641677,-0.5107922060579707
1620,15.27,2.3472263753,5.2485577338,1,9.1692524658,33009.3088770043,68194914.05061717,42374354.6661182,0,0,Other,0.6586006598240698,1.0108307817820137,-1.094657399579656
1620,15.27,2.3472263753,5.2485577338,1,8.011930523,28842.9498826946,29625898.84027704,18408679.917517655,0,0,Other,0.3922338074704311,-0.07707421241102004,-1.753771690139735
1620,15.27,2.3472263753,5.2485577338,1,9.3905177867,33805.8640322511,20878687.388486285,12973414.757969333,0,0,Other,0.20282179702684017,-0.38634781562389137,-1.6654306002793746
1620,15.27,2.3472263753,5.2485577338,1,22.8446164462,82240.619206401,61570936.90993399,38258406.12996738,0,1,Comet,-0.4777734152944937,0.2952241204493237,0.8027957884438355
1620,15.27,2.3472263753,5.2485577338,1,19.563451576,70428.4256737127,45318428.74383854,28159565.8450022,0,0,Other,-0.3704249574937692,-0.05674133641624301,0.12021879951749806
1620,15.27,2.3472263753,5.2485577338,1,12.3889905067,44600.3658239731,5028960.177766862,3124850.953200216,0,0,Other,-0.17973223772508953,-0.9658189734822791,-1.4328247722943768
1620,15.27,2.3472263753,5.2485577338,1,8.4548300207,30437.3880746753,56094402.43456635,34855445.40435955,0,0,Other,0.6026490890401546,0.6829048726903295,-1.3523604953062316
1620,15.27,2.3472263753,5.2485577338,1,8.6068345132,30984.6042473777,40817698.00177084,25362941.443078015,0,0,Other,0.44916133765790534,0.2287357539571553,-1.5249669056108257
1620,15.27,2.3472263753,5.2485577338,1,10.6944284489,38499.9424161685,15048657.828721976,9350802.372300228,0,0,Other,0.046307748184578765,-0.6071551833045039,-1.5507449404107703
1620,15.27,2.3472263753,5.2485577338,1,22.3425591331,80433.2128792835,58865275.6500007,36577186.18224971,0,1,Comet,-0.46337532144199556,0.2349463704467175,0.6955652930067117
1620,15.27,2.3472263753,5.2485577338,1,19.4255565412,69932.0035481753,44648265.83069245,27743145.920421705,0,0,Other,-0.36579427396626074,-0.0711554146551962,0.0916966113617416
1620,15.27,2.3472263753,5.2485577338,1,13.5182942685,48665.8593667123,10550469.143420037,6555757.531205083,0,0,Other,-0.2173485040429883,-0.8468006338334432,-1.1988174050525555
1620,15.27,2.3472263753,5.2485577338,1,8.9607821949,32258.8159016471,64127941.68934362,39847255.223981045,0,0,Other,0.6373076867743152,0.899409041117047,-1.1766849577519178
1620,15.27,2.3472263753,5.2485577338,1,8.0845101079,29104.2363885208,34699100.01501304,21561020.95150251,0,0,Other,0.43353169675600184,0.06905967379630941,-1.6786175383029116
1620,15.27,2.3472263753,5.2485577338,1,8.6455592519,31124.0133068791,26192745.442340937,16275417.316741398,0,0,Other,0.310616852462338,-0.2019869667486498,-1.7056861885549035
1620,15.27,2.3472263753,5.2485577338,1,15.8836922141,57181.2919708162,26984696.04129317,16767512.600168817,0,0,Other,-0.25102607095883617,-0.45460027378387297,-0.6466390273192506
1620,15.27,2.3472263753,5.2485577338,1,17.2656871525,62156.4737491609,31524539.714944284,19588440.65080376,0,0,Other,-0.3176012090384638,-0.37402459396867094,-0.3885184590662181
1620,15.27,2.3472263753,5.2485577338,1,24.4218435912,87918.6369284298,70069161.54148157,43538958.05356468,0,1,Comet,-0.5230210538721752,0.4845388745130081,1.1396419174586128
1620,15.27,2.3472263753,5.2485577338,1,9.8725113724,35541.0409407589,14007388.900646651,8703787.862855691,0,0,Other,0.10127022558314075,-0.6063921181401681,-1.6831243912161067
1620,15.27,2.3472263753,5.2485577338,1,7.8929540597,28414.634614911,45096016.13018729,28021365.05533508,0,0,Other,0.5449172405402212,0.3815128799817682,-1.573914621738636
1620,15.27,2.3472263753,5.2485577338,1,8.2553477203,29719.2517932342,41947284.36612744,26064833.862705227,0,0,Other,0.487256896942343,0.2752852082257227,-1.561513052820447
1620,15.27,2.3472263753,5.2485577338,1,7.505984218,27021.5431847576,61357093.74098952,38125530.14632652,0,0,Other,0.7259955477138289,0.8735285750376308,-1.4228180682635234
1620,15.27,2.3472263753,5.2485577338,1,12.7193063601,45789.5028962531,14444872.403041895,8975627.50587235,0,0,Other,-0.11845938964089847,-0.7020479404685614,-1.2649902980756678
1620,15.27,2.3472263753,5.2485577338,1,19.8591238935,71492.8460165539,45693071.01305799,28392357.756390795,0,1,Comet,-0.3901963137764707,-0.057014034967421634,0.16784110022497012
1620,15.27,2.3472263753,5.2485577338,1,22.053770656,79393.574361577,58120687.31781642,36114520.44672564,0,1,Comet,-0.4475726503010649,0.2240986836305833,0.644227254105905
1627,12.85,7.1540995088,15.9970528196,0,8.3835244253,30180.687931187,36882596.77625356,22917782.925048675,0,0,Other,1.8841754050206052,-0.6125706393837826,-1.0136574298245953
1627,12.85,7.1540995088,15.9970528196,0,13.4704689537,48493.6882333891,58816997.61987153,36547187.60537994,0,0,Other,1.687519734857063,-0.16266115452417407,0.0030058565687789167
1627,12.85,7.1540995088,15.9970528196,0,6.5498711092,23579.5359932104,24911361.251627695,15479202.101622311,0,0,Other,1.9174028834357628,-0.8940465030953514,-1.4319134808331182
1627,12.85,7.1540995088,15.9970528196,0,15.8822129215,57175.9665175379,72248456.03871466,44893108.86133799,0,0,Other,1.6223782759887622,0.13964070289330344,0.5236435412419166
1627,12.85,7.1540995088,15.9970528196,0,6.2927094543,22653.7540356081,22466525.942490008,13960051.884455765,0,0,Other,1.9149665993923288,-0.9560023125634995,-1.5003303710927298
1627,12.85,7.1540995088,15.9970528196,0,15.941099741,57387.9590677444,72769736.3391968,45217017.420218125,0,0,Other,1.6225789276005644,0.15269616530997174,0.53881892241061
1627,12.85,7.1540995088,15.9970528196,0,7.3196223177,26350.6403436931,30029176.460581463,18659265.010989644,0,0,Other,1.9043103544554087,-0.7731735528216223,-1.2551561342631332
1627,12.85,7.1540995088,15.9970528196,0,13.8788348043,49963.8052953947,60986436.54958986,37895214.44747164,0,0,Other,1.6755184996702586,-0.11455095720237697,0.08982667737011116
1627,12.85,7.1540995088,15.9970528196,0,10.4527125366,37629.7651317294,48106399.21559923,29891930.365344066,0,0,Other,1.8255078605602901,-0.36200878992062163,-0.5707902280388524
1627,12.85,7.1540995088,15.9970528196,0,10.5006091166,37802.1928197344,42485492.697825365,26399261.012429327,0,0,Other,1.76966499693603,-0.5288095436989015,-0.6354629766253842
1627,12.85,7.1540995088,15.9970528196,0,13.6383470204,49098.0492733709,65120219.70855986,40463828.19425349,0,0,Other,1.7327224930085354,0.015942240037842417,0.10764201435783016
1627,12.85,7.1540995088,15.9970528196,0,7.8319804836,28195.1297409981,26550099.2392366,16497466.669567052,0,0,Other,1.8318008381517306,-0.8948123623968721,-1.2252303785512935
1627,12.85,7.1540995088,15.9970528196,0,6.9712963027,25096.6666898715,21054117.59428108,13082422.033115704,0,0,Other,1.8485377744207843,-1.023319006888364,-1.41998390288303
1627,12.85,7.1540995088,15.9970528196,0,15.2814644845,55013.2721442878,72786478.01634593,45227420.21601456,0,0,Other,1.6745871216508967,0.17832733678898294,0.443437245402545
1627,12.85,7.1540995088,15.9970528196,0,7.3142004644,26331.1216716925,23479485.56803801,14589475.808996083,0,0,Other,1.8440535847619604,-0.9652023594203055,-1.3393891523372403
1627,12.85,7.1540995088,15.9970528196,0,12.5975146308,45351.052670992,59432873.635163724,36929875.21582223,0,0,Other,1.761847655085455,-0.1113152610634043,-0.11565686789643989
1627,12.85,7.1540995088,15.9970528196,0,9.5732097227,34463.555001563,37315978.18537511,23187073.64550017,0,0,Other,1.7946710530001801,-0.6451916495578428,-0.8357255324837336
1627,12.85,7.1540995088,15.9970528196,0,9.2149374944,33173.7749799926,40595042.84509295,25224589.944162633,0,0,Other,1.853214952121089,-0.5352957418731215,-0.8458692944703969
1627,12.85,7.1540995088,15.9970528196,0,12.8670483115,46321.3739212438,56216352.52382017,34931221.676029466,0,0,Other,1.7108588462925713,-0.21599352254062296,-0.11757633663819429
1627,12.85,7.1540995088,15.9970528196,0,6.7938041168,24457.6948203212,24903699.521916717,15474441.32354012,0,0,Other,1.8981566362841766,-0.9035680703549602,-1.3966600897822419
1627,12.85,7.1540995088,15.9970528196,0,15.5926364263,56133.4911347408,70787275.49373259,43985173.37221419,0,0,Other,1.631603655686042,0.10779084688112303,0.46306145595406834
1685,14.33,3.618719966,8.0917038355,0,17.0091050498,61232.7781791504,29959295.37604027,18615842.918564927,0,0,Other,0.15188396915678695,-0.6479119861779851,-0.2575198508528526
1685,14.33,3.618719966,8.0917038355,0,21.1757845377,76232.8243358896,44567641.71919231,27693048.420587447,0,1,Comet,-0.04030683945905102,-0.3779516212937147,0.5324390894916753
1685,14.33,3.618719966,8.0917038355,0,16.13510677,58086.3843720072,26483731.19139619,16456227.476925796,0,0,Other,0.18838670475247501,-0.7166113342246523,-0.4284614482766985
1685,14.33,3.618719966,8.0917038355,0,22.1491220196,79736.8392704916,49434766.63695722,30717339.60624084,0,1,Comet,-0.07172567342812737,-0.27219552008898795,0.735506399226229
1685,14.33,3.618719966,8.0917038355,0,15.1884758677,54678.5131235432,23098087.75820511,14352486.199320143,0,0,Other,0.23143211470443778,-0.7799033303564729,-0.6087833870677577
1685,14.33,3.618719966,8.0917038355,0,23.067397913,83042.6324867928,54093959.40153561,33612427.7431291,0,1,Comet,-0.10074268069977974,-0.1704438027133764,0.9279449410514692
1685,14.33,3.618719966,8.0917038355,0,14.3509901239,51663.564446171,20696701.489872564,12860333.964196848,0,0,Other,0.27501691954594815,-0.8184667796812964,-0.7607478345217118
1685,14.33,3.618719966,8.0917038355,0,23.8390771662,85820.6777982203,57925527.80085093,35993253.94608564,0,1,Comet,-0.1259038648776108,-0.08739607296145241,1.0885940894322683
1685,14.33,3.618719966,8.0917038355,0,13.7183210739,49385.9558659615,19317533.429342743,12003358.669856055,0,0,Other,0.31197221207796194,-0.8348337154365533,-0.8700063314880168
1685,14.33,3.618719966,8.0917038355,0,24.4494668245,88018.0805680614,60974324.52260297,37887688.38289024,0,1,Comet,-0.1456386708663815,-0.021175917681573734,1.2158959793370576
1685,14.33,3.618719966,8.0917038355,0,13.2807711453,47810.7761230076,18648115.588388197,11587401.711667344,0,0,Other,0.3401652858975683,-0.8378055785660338,-0.9419453027841614
1685,14.33,3.618719966,8.0917038355,0,24.7591085551,89132.790798216,62561319.28478073,38873801.20144851,0,1,Comet,-0.15527568258114538,0.013601904772273334,1.2809888919758103
1685,14.33,3.618719966,8.0917038355,0,13.0971703338,47149.8132016523,18497404.814953905,11493754.379539767,0,0,Other,0.35320157305029337,-0.8352316534534245,-0.9704730614978905
1685,14.33,3.618719966,8.0917038355,0,24.826336616,89374.8118174506,62854198.28463957,39055787.77313132,0,1,Comet,-0.15784686640326812,0.01963582015652564,1.2944631142954126
1685,14.33,3.618719966,8.0917038355,0,13.1963135238,47506.728685586,18606825.499163527,11561745.23992954,0,0,Other,0.3464218380560049,-0.835798634784789,-0.9547110449584688
1685,14.33,3.618719966,8.0917038355,0,24.6880377189,88876.9357881052,62180075.53083437,38636907.31766158,0,1,Comet,-0.15322112376028466,0.005120911238433889,1.2658319471167667
1685,14.33,3.618719966,8.0917038355,0,13.4823445637,48536.4404294219,19010960.44990114,11812863.053830132,0,0,Other,0.32768162033902054,-0.8348382689182043,-0.9081102117340241
1685,14.33,3.618719966,8.0917038355,0,24.2141296231,87170.8666432266,59852918.723290086,37190879.13067159,0,1,Comet,-0.13752895493916115,-0.045120430201660504,1.1675032537227743
1685,14.33,3.618719966,8.0917038355,0,14.1138712711,50809.9365760194,20270459.205262944,12595479.290014869,0,0,Other,0.2897073881679813,-0.8219401275011603,-0.8005419281391676
1685,14.33,3.618719966,8.0917038355,0,23.3996467216,84238.7281977881,55778787.370907485,34659331.297733895,0,1,Comet,-0.11125037985857479,-0.13365613892371908,0.9975605512433616
1685,14.33,3.618719966,8.0917038355,0,15.11557597,54416.073492153,23019297.477234572,14303528.18893816,0,0,Other,0.2364326892191339,-0.7794375128412223,-0.6203519493501167
1685,14.33,3.618719966,8.0917038355,0,22.3001100674,80280.3962427599,50350254.04993121,31286197.10639009,0,1,Comet,-0.07511264712167437,-0.2510800888440401,0.7690516314741072
1685,14.33,3.618719966,8.0917038355,0,16.3159356398,58737.3683031634,27311893.046846375,16970823.391772896,0,0,Other,0.18184490981559978,-0.6991962183735637,-0.39170423917986896
1685,14.33,3.618719966,8.0917038355,0,20.918418518,75306.3066647608,43511318.293705486,27036679.480222132,0,1,Comet,-0.029862477277838365,-0.3991463911700927,0.48168311763698
1685,14.33,3.618719966,8.0917038355,0,17.6771632144,63637.7875717018,33024371.951356973,20520393.18729725,0,0,Other,0.12776674885346503,-0.5834118549977344,-0.12165316965321728
1685,14.33,3.618719966,8.0917038355,0,19.4763194888,70114.7501595126,36284889.07819776,22546384.58344674,0,1,Comet,0.01654611500299717,-0.5562835160730314,0.1806233775491551
1685,14.33,3.618719966,8.0917038355,0,19.0951244367,68742.4479719836,39400215.92212256,24482158.921212822,0,0,Other,0.07537491485391137,-0.4503197366600225,0.165071492684135
1685,14.33,3.618719966,8.0917038355,0,18.086623984,65111.8463425332,29372237.69994764,18251062.193747938,0,0,Other,0.06174248928438612,-0.7062083505145756,-0.10884426167869127
1685,14.33,3.618719966,8.0917038355,0,20.3147403294,73133.0651859541,45134459.40186543,28045252.596675865,0,1,Comet,0.03263031580992366,-0.32849951928682447,0.41487735556906274
1685,14.33,3.618719966,8.0917038355,0,16.8898917142,60803.6101712053,23419550.467964195,14552233.864742115,0,0,Other,0.10066435173892702,-0.8353120921893767,-0.35811692189794725
1685,14.33,3.618719966,8.0917038355,0,21.2227102716,76401.7569779281,49540882.88373599,30783277.184423037,0,1,Comet,0.0020815353346965654,-0.23377388115087544,0.6026019056553329
1685,14.33,3.618719966,8.0917038355,0,16.1740882306,58226.7176300632,19905930.45516549,12368971.628004162,0,0,Other,0.12437900937478151,-0.9111574576193631,-0.5066176328319293
1685,14.33,3.618719966,8.0917038355,0,21.6298639923,77867.5103722703,51450540.08571089,31969883.14608065,0,1,Comet,-0.012231297092105,-0.19324216116108725,0.6859372769960569
1685,14.33,3.618719966,8.0917038355,0,16.0339161308,57722.0980708523,19269038.826377176,11973225.520865936,0,0,Other,0.12949694895951103,-0.9245082306904012,-0.5350459178555004
1685,14.33,3.618719966,8.0917038355,0,21.4788164893,77323.7393613842,50737309.47169008,31526702.193101984,0,1,Comet,-0.006965737726914729,-0.20841902720406666,0.6549603102524848
1685,14.33,3.618719966,8.0917038355,0,16.3307870561,58790.8334019931,20697538.90882925,12860854.312207676,0,0,Other,0.11939537853313192,-0.8938955591846817,-0.4738230868600578
1685,14.33,3.618719966,8.0917038355,0,20.8819754474,75175.1116106843,47931039.7097578,29782967.02111161,0,1,Comet,0.013951044448561744,-0.26803730194292974,0.5327118484664005
1685,14.33,3.618719966,8.0917038355,0,17.1581550199,61769.3580716429,24736384.970649842,15370476.882278088,0,0,Other,0.09177700652430487,-0.8068865557759469,-0.3024626260564374
1685,14.33,3.618719966,8.0917038355,0,19.9200613109,71712.2207192249,43341330.48834087,26931053.955889206,0,1,Comet,0.04704216405388489,-0.3660865298382576,0.33483447548260636
1685,14.33,3.618719966,8.0917038355,0,18.2992699852,65877.3719468856,30432712.66080419,18910010.7785723,0,0,Other,0.0548519744815657,-0.68318737742059,-0.06451626475120269
1685,14.33,3.618719966,8.0917038355,0,18.7172382704,67382.0577734663,37842054.219574764,23513962.13513116,0,0,Other,0.09064367288858136,-0.48165039085436606,0.09045588243098102
1685,14.33,3.618719966,8.0917038355,0,19.5055233881,70219.8841971845,36434060.81866506,22639075.60483335,0,1,Comet,0.015632512093396295,-0.5530182888394374,0.1867561787617985
1685,14.33,3.618719966,8.0917038355,0,17.5293417251,63105.6302102419,32659703.701245744,20293798.843997452,0,0,Other,0.13600815042693737,-0.5884812571930109,-0.14772171050341204
1685,14.33,3.618719966,8.0917038355,0,20.7376099013,74655.3956448283,42593385.494109325,26466302.487285685,0,1,Comet,-0.024154003422607297,-0.41919708372616094,0.4437851040281085
1685,14.33,3.618719966,8.0917038355,0,16.501485273,59405.346982832,28396745.45933261,17644919.42264354,0,0,Other,0.17731026319453544,-0.6744270718684781,-0.3509924895755242
1685,14.33,3.618719966,8.0917038355,0,21.6721942417,78019.8992701438,47326390.46109698,29407255.39997315,0,1,Comet,-0.05376912575862469,-0.31590049757670546,0.6395274966676303
1685,14.33,3.618719966,8.0917038355,0,15.8249158006,56969.6968822507,25902410.653457206,16095011.644451229,0,0,Other,0.2073844767032504,-0.7218513764350708,-0.48082102018171496
1685,14.33,3.618719966,8.0917038355,0,22.1284659741,79662.4775067686,49576048.8400771,30805128.296443876,0,1,Comet,-0.06879294664188057,-0.2672616076756107,0.7343129314255938
1685,14.33,3.618719966,8.0917038355,0,15.6456886554,56324.4791595793,25307400.99786621,15725289.788697245,0,0,Other,0.2159605204053721,-0.7324844478913869,-0.5143755967068403
1685,14.33,3.618719966,8.0917038355,0,22.1411816773,79708.2540381137,49665794.84625816,30860893.878800362,0,1,Comet,-0.06896101381309931,-0.2651121514105457,0.7372991252642774
1685,14.33,3.618719966,8.0917038355,0,15.9507894309,57422.8419512461,26363160.020509098,16381308.025397684,0,0,Other,0.20175856104701764,-0.7131254944456898,-0.4567090489246418
1685,14.33,3.618719966,8.0917038355,0,21.6186980226,77827.3128814568,47105616.15355924,29270072.606519856,0,1,Comet,-0.05160933347484739,-0.3203414614198445,0.6289619662823585
1685,14.33,3.618719966,8.0917038355,0,16.7700391528,60372.140949985,29578666.110304706,18379330.86004673,0,0,Other,0.16715009766336764,-0.6499723727665193,-0.2970149727684848
1685,14.33,3.618719966,8.0917038355,0,20.5107429936,73838.6747768052,41573949.956286475,25832854.61745059,0,1,Comet,-0.015765370572061836,-0.44047155469992366,0.3979190682928996
1685,14.33,3.618719966,8.0917038355,0,18.0731058906,65063.1812060786,35085012.912959345,21800816.10683724,0,0,Other,0.11573406883859069,-0.5380214436443007,-0.0380188833927676
1685,14.33,3.618719966,8.0917038355,0,19.0674645673,68642.8724424272,34471844.14040095,21419810.699024975,0,0,Other,0.03188779057635465,-0.5939148007953886,0.09827236898551378
1685,14.33,3.618719966,8.0917038355,0,19.5967704128,70548.3734860357,41957061.37980065,26070909.0172931,0,1,Comet,0.05963037525533119,-0.39439409949373416,0.2703463676593913
1685,14.33,3.618719966,8.0917038355,0,17.4221232573,62719.6437262454,26405792.062466808,16407798.34789763,0,0,Other,0.08649388092719174,-0.7679492132108915,-0.24293877392010624
1685,14.33,3.618719966,8.0917038355,0,21.1371440198,76093.7184711738,49324242.62357698,30648663.168895073,0,1,Comet,0.006800613799597045,-0.23687126707805892,0.5874414256580887
1685,14.33,3.618719966,8.0917038355,0,15.8643552276,57111.6788193802,18825262.175424855,11697475.496662693,0,0,Other,0.1387143175972004,-0.9310709635191777,-0.5652728474546265
1685,14.33,3.618719966,8.0917038355,0,22.4753579731,80911.2887032097,55828335.12791807,34690118.84630267,0,1,Comet,-0.03813416518564684,-0.09697571360663239,0.864243005829018
1685,14.33,3.618719966,8.0917038355,0,14.6894962343,52882.1864435909,13509714.94957329,8394547.609319802,0,0,Other,0.18181986058274618,-1.042308077015646,-0.8032580375800836
1685,14.33,3.618719966,8.0917038355,0,23.3230157817,83962.8568141456,59931054.55845874,37239430.487289056,0,1,Comet,-0.06675570826824008,-0.008865286951459475,1.039357678316326
1685,14.33,3.618719966,8.0917038355,0,14.0743299404,50667.5877853597,11073418.851412859,6880703.41181112,0,0,Other,0.20760497833239303,-1.0903691050423887,-0.9234485099233404
1685,14.33,3.618719966,8.0917038355,0,23.5445513117,84760.384721999,61094884.2642128,37962600.732594766,0,1,Comet,-0.07338743442780707,0.016850384953194183,1.0862907602938014
1685,14.33,3.618719966,8.0917038355,0,14.1324834629,50876.9404664918,11280046.301735962,7009095.755809796,0,0,Other,0.20494801057120077,-1.0865208533996245,-0.9123882787061229
1685,14.33,3.618719966,8.0917038355,0,23.0667418006,83040.2704821391,58765958.58153407,36515473.417563476,0,1,Comet,-0.05740496900275416,-0.033294184082702315,0.9873741334307727
1685,14.33,3.618719966,8.0917038355,0,14.9218158086,53718.5369108322,14556689.734887645,9045107.574047728,0,0,Other,0.1732577521045187,-1.020433130858104,-0.7562509284204807
1685,14.33,3.618719966,8.0917038355,0,10.9332547638,39359.7171496843,12078481.788835254,7505220.561880345,2,0,Other,0.46383279434462277,-0.9411585929017705,-1.3658510013204421
1685,14.33,3.618719966,8.0917038355,0,22.0184310715,79266.3518575141,53663545.37088402,33344980.86615868,0,1,Comet,-0.02227253336244315,-0.1430987137580377,0.7704439041922405
1685,14.33,3.618719966,8.0917038355,0,16.1001818157,57960.6545363641,20003328.03336215,12429491.676743615,0,0,Other,0.1310910878172106,-0.9054821121914274,-0.5160873138300428
1685,14.33,3.618719966,8.0917038355,0,20.7737820047,74785.615216947,47793366.80956805,29697421.047753196,0,1,Comet,0.02118045104765831,-0.267954611639224,0.5152783091696272
1685,14.33,3.618719966,8.0917038355,0,17.4237238205,62725.4057538068,26416184.536736984,16414255.931966966,0,0,Other,0.08646434911928567,-0.7677051910233769,-0.24257441194700546
1685,14.33,3.618719966,8.0917038355,0,19.5416518184,70349.9465463671,42019461.029983774,26109682.361973017,0,1,Comet,0.06454131092648674,-0.3904619891462756,0.2631535395793803
1685,14.33,3.618719966,8.0917038355,0,18.6442592202,67119.3331925893,32513792.625872534,20203133.905949585,0,0,Other,0.04701404682929699,-0.6352551545302647,0.011994205784048499
1685,14.33,3.618719966,8.0917038355,0,8.6830997811,31259.1592119259,20573863.91125497,12784006.232207838,4,0,Other,0.7194244241144606,-0.6060593607948238,-1.5837089922847465
1685,14.33,3.618719966,8.0917038355,0,18.5321376657,66715.6955964271,37446440.13911554,23268138.944506615,0,0,Other,0.10152882441524275,-0.48620729352075465,0.05859054646817456
1685,14.33,3.618719966,8.0917038355,0,19.4905141792,70165.8510451996,36745569.95934476,22832638.409225207,0,1,Comet,0.019698503168235928,-0.5433033737911769,0.18854985671598065
1862,16.1,1.6016033798,3.5812940302,1,12.3118839477,44322.7822117754,39948137.030168325,24822621.3103017,0,0,Other,-0.19579152320430002,0.24184046959666747,-1.1382939230651852
1862,16.1,1.6016033798,3.5812940302,1,24.2864169693,87431.1010894159,35824475.75284125,22260297.009127304,0,1,Comet,-1.1752999960173993,-0.3355596518154031,0.5445288376219763
1862,16.1,1.6016033798,3.5812940302,1,11.6407154934,41906.5757761756,9839803.14552378,6114170.15679099,4,0,Other,-0.42198595145629647,-0.616269044113239,-1.6191598557421694
1862,16.1,1.6016033798,3.5812940302,1,16.7859825713,60429.5372566548,55856975.296054475,34707915.021563016,0,0,Other,-0.4000990808733596,0.5382544172603664,-0.2872144012735614
1862,16.1,1.6016033798,3.5812940302,1,28.157208395,101365.9502219474,54081425.658153184,33604639.63613058,0,1,Comet,-1.3104270619318121,0.052765136760554894,1.3380929528906198
1862,16.1,1.6016033798,3.5812940302,1,14.0368561276,50532.6820594745,49322237.60820473,30647417.310113996,0,0,Other,-0.2445382071579963,0.45123164280199923,-0.7688772179390206
1862,16.1,1.6016033798,3.5812940302,1,11.6496416759,41938.7100334081,12908821.834152002,8021169.941149547,4,0,Other,-0.39425312760010306,-0.5265325932169606,-1.5787649912158932
1862,16.1,1.6016033798,3.5812940302,1,17.7831959634,64019.5054684006,4228736.652045969,2627615.111449612,0,0,Other,-0.9568250764511452,-1.0150557314061948,-0.8004742682780507
1862,16.1,1.6016033798,3.5812940302,1,15.2930656708,55055.0364150125,11220339.921845589,6971995.9316876205,0,0,Other,-0.6963018264929852,-0.714947012516586,-1.0722688228365376
1862,16.1,1.6016033798,3.5812940302,1,11.8104515738,42517.62566559,36267113.3506516,22535339.25852808,0,0,Other,-0.19047930101827,0.15291171507380685,-1.2578605967609922
1862,16.1,1.6016033798,3.5812940302,1,23.0318502594,82914.6609336676,29688804.445416298,18447767.648029044,0,1,Comet,-1.1335271922732022,-0.46782986556922146,0.28454341973043645
1862,16.1,1.6016033798,3.5812940302,1,11.6479168315,41932.5005935213,7578578.337948438,4709110.214858925,2,0,Other,-0.4435023178190521,-0.6829111427829528,-1.6469256904357157
1862,16.1,1.6016033798,3.5812940302,1,16.2706184695,58574.2264900963,54135409.904556274,33638183.89137767,0,0,Other,-0.3755372958920972,0.5073673275932672,-0.3838353145433448
1862,16.1,1.6016033798,3.5812940302,1,31.1412895393,112108.642341372,69849655.00109316,43402563.01408934,0,1,Comet,-1.398908998596141,0.4018392167192786,1.9714462581730947
1862,16.1,1.6016033798,3.5812940302,1,13.5220980346,48679.5529244534,1488052.182059115,924632.750141187,4,0,Other,-0.6472581075554882,-0.9330981256658459,-1.4529147687955808
1862,16.1,1.6016033798,3.5812940302,1,27.6586337057,99571.0813404779,51698465.76338279,32123937.01861298,0,1,Comet,-1.2933129001635195,0.0018260424997833826,1.2354785857567454
1862,16.1,1.6016033798,3.5812940302,1,12.9666963695,46680.1069300412,46114774.42349287,28654392.10494083,0,0,Other,-0.190131509743854,0.39787718217885476,-0.9648309464441722
1862,16.1,1.6016033798,3.5812940302,1,12.171736312,43818.2507230463,27739995.192014985,17236833.729717392,0,0,Other,-0.29788329627629084,-0.11113098893695283,-1.3141438385705817
1862,16.1,1.6016033798,3.5812940302,1,22.6578601765,81568.2966355001,27873013.878072236,17319487.708517443,0,1,Comet,-1.1209516352769728,-0.5068704924220166,0.20721007607085687
1862,16.1,1.6016033798,3.5812940302,1,11.6320528591,41875.3902926534,10400450.693968317,6462540.3892520955,4,0,Other,-0.4161105857616093,-0.5994837186855312,-1.6132722424056603
1862,16.1,1.6016033798,3.5812940302,1,16.6762101867,60034.3566721978,56074740.09836205,34843227.79518026,0,0,Other,-0.3894524205590832,0.548829489573711,-0.30034825723136704
1862,16.1,1.6016033798,3.5812940302,1,18.7763172256,67594.7420121305,8299894.283008929,5157315.15958006,0,0,Other,-0.9971737357062629,-0.9334155077310067,-0.6046810096264189
1862,16.1,1.6016033798,3.5812940302,1,15.8094108633,56913.8791078274,8781116.133530106,5456332.551873197,0,0,Other,-0.75949050173554,-0.8062177561833013,-1.0285168613259206
1862,16.1,1.6016033798,3.5812940302,1,11.5653996669,41635.438800917,12757684.003678221,7927257.248082583,4,0,Other,-0.3890312652704218,-0.5277579317828872,-1.592899017550605
1862,16.1,1.6016033798,3.5812940302,1,15.3278950319,55180.4221146647,51204430.76553738,31816957.90576246,0,0,Other,-0.3285865759039579,0.4572709483680976,-0.5577982640184679
1862,16.1,1.6016033798,3.5812940302,1,29.9273382483,107738.4176938289,64007314.91292825,39772301.22077985,0,1,Comet,-1.3576112031737961,0.27663044323153774,1.7210840944582066
1862,16.1,1.6016033798,3.5812940302,1,29.6490578069,106736.6081048893,61495416.35968848,38211479.83604598,0,1,Comet,-1.3590087083379983,0.2135111790414914,1.6487522204210474
1862,16.1,1.6016033798,3.5812940302,1,14.5083738311,52230.1457918509,50685790.76274225,31494689.951789156,0,0,Other,-0.2689702711689287,0.47328202244302464,-0.6831718732947717
1862,16.1,1.6016033798,3.5812940302,1,11.6549156161,41957.6962181101,13372452.17194414,8309256.474303532,4,0,Other,-0.390372163935097,-0.5131258988281872,-1.5720937377899253
1862,16.1,1.6016033798,3.5812940302,1,15.2288440539,54823.838594094,11256645.843875675,6994555.38554134,0,0,Other,-0.6909170726299645,-0.7114338297692503,-1.0811133206032024
1862,16.1,1.6016033798,3.5812940302,1,19.1791140552,69044.8105987405,10684531.783253292,6639060.192801723,0,0,Other,-1.0067433796270395,-0.8787769215034559,-0.5159254884012353
1862,16.1,1.6016033798,3.5812940302,1,16.7835837835,60420.901620461,55821493.29925319,34685867.53110643,0,0,Other,-0.4002392564171097,0.537304431537893,-0.2880140993926654
1862,16.1,1.6016033798,3.5812940302,1,11.8749961822,42749.9862559646,10441131.471068472,6487818.25199206,4,0,Other,-0.43483114110838655,-0.6075486999772338,-1.5775463627239288
1862,16.1,1.6016033798,3.5812940302,1,23.5545796091,84796.4865925915,31657762.946169183,19671221.728077356,0,1,Comet,-1.1563758494518215,-0.4299624139067842,0.3853836592724218
1862,16.1,1.6016033798,3.5812940302,1,11.4187987252,41107.6754108611,31837060.61593837,19782632.13390276,0,0,Other,-0.2007364709557581,0.03781484684572127,-1.3710610281976263
1862,16.1,1.6016033798,3.5812940302,1,12.7071087729,45745.5915823219,41791442.71486746,25967998.350934625,0,0,Other,-0.20978138814714603,0.2808793822163775,-1.057532659789628
1862,16.1,1.6016033798,3.5812940302,1,25.9362973804,93370.6705693795,44252536.54491355,27497251.144530963,0,1,Comet,-1.2269088836580426,-0.1510731649827048,0.8910100154631024
1862,16.1,1.6016033798,3.5812940302,1,20.8671716884,75121.8180781558,21417574.326042116,13308263.573820611,4,1,Comet,-1.0399976427004904,-0.6280935087574706,-0.1345446795899538
1862,16.1,1.6016033798,3.5812940302,1,12.9032956477,46451.8643316433,8673734.602926662,5389608.762779429,4,0,Other,-0.5320394001832045,-0.698612546768054,-1.4510419874371583
1862,16.1,1.6016033798,3.5812940302,1,16.1277929545,58060.0546362241,54880278.40363148,34101023.71453522,0,0,Other,-0.3574087484812059,0.5346727653922116,-0.39504362161350853
1862,16.1,1.6016033798,3.5812940302,1,17.9824580983,64736.8491537194,5279571.600958655,3280573.670613239,0,0,Other,-0.9627528175127514,-0.9918076141936545,-0.7582086941108059
1862,16.1,1.6016033798,3.5812940302,1,16.1497802421,58139.208871565,7444064.495979473,4625527.189255808,0,0,Other,-0.7986343039084237,-0.8584326768757379,-0.996225101590646
1862,16.1,1.6016033798,3.5812940302,1,11.1822792478,40256.2052919778,9146260.957575796,5683223.024484171,2,0,Other,-0.392374543423773,-0.6191529519251813,-1.6944330519261195
1862,16.1,1.6016033798,3.5812940302,1,14.6272837434,52658.2214763977,48928875.140246674,30402993.20662114,0,0,Other,-0.2945954739796451,0.4171841536972362,-0.6883235701818655
1862,16.1,1.6016033798,3.5812940302,1,28.2355240266,101647.8864959288,55641614.2772014,34574095.88972332,0,1,Comet,-1.3021281847315997,0.09557241352272595,1.3693203369294333
1862,16.1,1.6016033798,3.5812940302,1,11.6017779443,41766.400599313,12985684.172572913,8068929.983581706,4,0,Other,-0.3897784903889734,-0.5224524934208568,-1.5847221736435702
1862,16.1,1.6016033798,3.5812940302,1,16.1403337343,58105.2014435365,54807136.698875554,34055575.56665851,0,0,Other,-0.3590722219935398,0.5320480838560893,-0.39415807212299425
1862,16.1,1.6016033798,3.5812940302,1,20.3379227865,73216.5220313564,15949453.414400717,9910530.794289187,0,1,Comet,-1.0490562789047257,-0.7684139825716737,-0.2809113203674778
1862,16.1,1.6016033798,3.5812940302,1,13.5791256963,48884.8525065547,19736403.62067749,12263632.53769184,0,0,Other,-0.48266975626581515,-0.3996768166910078,-1.2121545217246783
1862,16.1,1.6016033798,3.5812940302,1,14.3167441269,51540.2788568774,1242383.292974678,771981.1810114364,4,0,Other,-0.7120003441037489,-0.9705938690198609,-1.3408838714512963
1862,16.1,1.6016033798,3.5812940302,1,14.4808914437,52131.2091971854,8769677.596153954,5449224.974330405,4,0,Other,-0.6551632708734063,-0.7559213933320158,-1.221192909609893
1862,16.1,1.6016033798,3.5812940302,1,14.5720528083,52459.390109826,14649491.487000462,9102771.908879897,0,0,Other,-0.6078527937605278,-0.5868213583510842,-1.1330691031597593
1862,16.1,1.6016033798,3.5812940302,1,17.506968907,63025.0880650942,4982714.569339726,3096115.2646151786,0,0,Other,-0.928125605938924,-0.9823987744842418,-0.830899195380078
1862,16.1,1.6016033798,3.5812940302,1,12.7346379274,45844.69653873,11626395.933630804,7224307.437570961,2,0,Other,-0.4914249857962936,-0.6055232018562566,-1.4378652207962164
1862,16.1,1.6016033798,3.5812940302,1,11.8522570608,42668.1254190593,31332301.275907982,19468989.223822873,0,0,Other,-0.23948667734365203,0.006480185945345348,-1.3146747875781293
1862,16.1,1.6016033798,3.5812940302,1,21.1514523874,76145.2285947574,20276627.439598568,12599312.05310344,0,1,Comet,-1.0729154724647956,-0.6724150616908756,-0.10788284459689482
1862,16.1,1.6016033798,3.5812940302,1,11.6941874771,42099.0749174182,13270197.420184745,8245718.317863707,4,0,Other,-0.3944066662548224,-0.5176238232669992,-1.5677052132286304
1862,16.1,1.6016033798,3.5812940302,1,13.8287019325,49783.3269569186,46070032.69253327,28626590.882482354,0,0,Other,-0.2583071951258834,0.36371153112275145,-0.840478308397877
1862,16.1,1.6016033798,3.5812940302,1,25.4138128274,91489.726178752,41567750.75519175,25829002.612510175,0,1,Comet,-1.2107116191424963,-0.20995969738403394,0.7810851516738253
1862,16.1,1.6016033798,3.5812940302,1,16.1516851213,58146.0664368575,53535488.38242127,33265409.94328065,0,0,Other,-0.3717463788175277,0.49429219433181387,-0.4087146362674071
1862,16.1,1.6016033798,3.5812940302,1,30.0485298187,108174.7073471814,64441317.82640071,40041978.12612737,0,1,Comet,-1.3631168743552375,0.2847497496805992,1.7441767700498991
1862,16.1,1.6016033798,3.5812940302,1,16.8982622405,60833.7440657143,56186595.248549335,34912731.3625834,0,0,Other,-0.40587130846657893,0.5436496990907433,-0.266743153099374
1862,16.1,1.6016033798,3.5812940302,1,11.6439536389,41918.233099891,12122008.530774076,7532266.825169235,4,0,Other,-0.4010958341864458,-0.5494090251401182,-1.5896138149633563
1862,16.1,1.6016033798,3.5812940302,1,30.7110705056,110559.8538201326,66578557.77433364,41369997.44869863,0,1,Comet,-1.3953967917004304,0.3222278706964353,1.8674226172073332
1862,16.1,1.6016033798,3.5812940302,1,15.8757931686,57152.8554071018,54157183.8446152,33651713.59034981,0,0,Other,-0.3442988491144609,0.523053849143689,-0.440776363439206
1862,16.1,1.6016033798,3.5812940302,1,25.4277387764,91539.8595950821,40842129.83222626,25378122.678559776,0,1,Comet,-1.2185292078039907,-0.2317876357891978,0.7738584359898667
1862,16.1,1.6016033798,3.5812940302,1,12.9803430925,46729.235133018,46075842.22109621,28630200.756139297,0,0,Other,-0.19156496853376054,0.39621441072239433,-0.9633492715169409
1862,16.1,1.6016033798,3.5812940302,1,11.6504648491,41941.6734567344,10381223.777324436,6450593.337241751,4,0,Other,-0.41773606634380095,-0.6007497462039517,-1.610848922372319
1862,16.1,1.6016033798,3.5812940302,1,20.5862354413,74110.4475885238,17111380.100610293,10632518.558082348,0,1,Comet,-1.0578105520318524,-0.7437746856938348,-0.23012191736479853
1862,16.1,1.6016033798,3.5812940302,1,12.1054356358,43579.5682888008,27633286.133756764,17170527.795562755,0,0,Other,-0.2936601459528335,-0.11173610344282109,-1.3251117385151292
1862,16.1,1.6016033798,3.5812940302,1,15.8509696012,57063.4905643193,8643087.938399103,5370565.808475528,0,0,Other,-0.764036213957768,-0.8118527988781741,-1.0242526970497434
1862,16.1,1.6016033798,3.5812940302,1,16.6822685345,60056.1667242032,6036841.673698141,3751119.4743147055,0,0,Other,-0.8535304646514096,-0.920029115154796,-0.936985309904828
1862,16.1,1.6016033798,3.5812940302,1,11.8358890671,42609.2006414574,32098543.66041816,19945110.163536157,0,0,Other,-0.23110076428376658,0.029593447134555858,-1.3072844318041599
1862,16.1,1.6016033798,3.5812940302,1,21.5529835224,77590.7406804848,22454792.802028462,13952761.249044215,0,1,Comet,-1.0842985888987409,-0.6237882584907658,-0.02194133699630598
1862,16.1,1.6016033798,3.5812940302,1,11.9628962848,43066.426625167,7618109.634935086,4733673.823776746,4,0,Other,-0.4678961909904496,-0.693755278549989,-1.6007749105025995
1862,16.1,1.6016033798,3.5812940302,1,19.7075641995,70947.2311182256,20225930.815825753,12567810.631831324,4,1,Comet,-0.9598829772736687,-0.6188740398699898,-0.31777841919963973
1862,16.1,1.6016033798,3.5812940302,1,15.1283520212,54462.0672762358,50313739.46879206,31263507.99777816,0,0,Other,-0.3211530224515712,0.4387338012544196,-0.598064209772122
1862,16.1,1.6016033798,3.5812940302,1,27.9465253227,100607.4911618744,54253591.653384365,33711618.62488561,0,1,Comet,-1.2922704153403732,0.06584774441200912,1.3097540647204413
1862,16.1,1.6016033798,3.5812940302,1,16.8986177422,60835.0238718613,56132461.987707935,34879094.51405794,0,0,Other,-0.4064007993932057,0.5420473224710847,-0.2673813260375963
1862,16.1,1.6016033798,3.5812940302,1,11.5985805454,41754.8899634832,12119414.010035304,7530654.664739035,4,0,Other,-0.3975531517242639,-0.5477559309706072,-1.596222383238319
1862,16.1,1.6016033798,3.5812940302,1,29.0830651232,104699.0344435261,58693226.56550492,36470279.83845706,0,1,Comet,-1.3404790751098312,0.1528369703098274,1.531026313830879
1862,16.1,1.6016033798,3.5812940302,1,15.0373234005,54134.3642416621,52131319.94473109,32392900.13491739,0,0,Other,-0.29715747155871747,0.49554959965575146,-0.5880990199645137
1862,16.1,1.6016033798,3.5812940302,1,22.4485742057,80814.8671406597,26181372.84770588,16268350.714117892,0,1,Comet,-1.1201730103226075,-0.5485444401644897,0.15532755599300568
1862,16.1,1.6016033798,3.5812940302,1,11.1464796344,40127.3266838058,34933993.02544627,21706976.70012773,0,0,Other,-0.15063669557827739,0.13908929975693704,-1.3710688608175836
1863,15.44,2.1704759431,4.8533317522,0,18.079538445,65086.3384019309,13378898.777996264,8313262.209555909,2,0,Other,-0.6245639974412952,-0.8988721116428516,-0.5319856667522357
1863,15.44,2.1704759431,4.8533317522,0,19.8211138964,71356.0100269597,32433072.906373676,20152976.998059716,0,1,Comet,-0.5849298310253475,-0.40600058035705616,-0.03683243163835224
1863,15.44,2.1704759431,4.8533317522,0,15.6406724656,56306.4208762248,26063248.260223918,16194951.499023428,0,0,Other,-0.3153271988576919,-0.43363330860979876,-0.7238216966123047
1863,15.44,2.1704759431,4.8533317522,0,15.3983350818,55434.006294403,26459139.186501358,16440946.713662552,0,0,Other,-0.29260943289107777,-0.4127779068852461,-0.7538975584738007
1863,15.44,2.1704759431,4.8533317522,0,16.2935277481,58656.6998932288,14730072.454474896,9152842.600259697,2,0,Other,-0.4716493429761442,-0.7911469067304243,-0.7736012349165025
1863,15.44,2.1704759431,4.8533317522,0,15.3032326706,55091.6376140768,26875957.987124145,16699945.9064174,0,0,Other,-0.28127172240038933,-0.39691963560536725,-0.7623693516927721
1863,15.44,2.1704759431,4.8533317522,0,15.4520185555,55627.2667999624,27231001.618912328,16920559.7892089,0,0,Other,-0.2896781060978305,-0.39216947364223076,-0.7362836735305454
1863,15.44,2.1704759431,4.8533317522,0,17.8563635677,64282.9088435688,28335248.018943664,17606706.685134027,0,0,Other,-0.4684497284931698,-0.45139309444986125,-0.3737748685237223
1863,15.44,2.1704759431,4.8533317522,0,20.2354305643,72847.5500315369,35481182.37551093,22046984.395891555,0,1,Comet,-0.5892579579148435,-0.3323279279726416,0.06204561559785147
1863,15.44,2.1704759431,4.8533317522,0,22.6518728569,81546.742284916,45826962.75228456,28475554.225274656,0,1,Comet,-0.6833575948350268,-0.12077073126238413,0.5440506615836762
1863,15.44,2.1704759431,4.8533317522,0,24.2545555506,87316.3999823137,53859911.09547533,33466996.869462457,0,1,Comet,-0.734917052574577,0.05391786726170891,0.8786579138342928
1863,15.44,2.1704759431,4.8533317522,0,26.4321538468,95155.7538485315,64275210.38034687,39938763.74526395,0,1,Comet,-0.8095973753942285,0.2766182077557082,1.3269351734355694
1863,15.44,2.1704759431,4.8533317522,0,21.6938338931,78097.8020152374,41482190.69189053,25775838.054448117,0,1,Comet,-0.6483017514831892,-0.21177866742133764,0.34985553945377745
1863,15.44,2.1704759431,4.8533317522,0,20.1511863591,72544.2708926372,35097389.5336989,21808506.582352716,0,1,Comet,-0.586191474767968,-0.34038167898743416,0.04494709638636066
1863,15.44,2.1704759431,4.8533317522,0,18.0439420136,64958.1912488804,28891429.412738077,17952301.777780488,0,0,Other,-0.47804200161264604,-0.44221792639889174,-0.3395047105027626
1863,15.44,2.1704759431,4.8533317522,0,18.8827202361,67977.7928498743,30463819.682857096,18929339.78577801,0,0,Other,-0.529409065678561,-0.42803502314767483,-0.19791489840907206
1863,15.44,2.1704759431,4.8533317522,0,22.6619669116,81583.0808818525,45803519.83854876,28460987.47414846,0,1,Comet,-0.6843682744521267,-0.12184348922600337,0.5452148239032887
1863,15.44,2.1704759431,4.8533317522,0,27.3355296428,98407.9067139097,70723694.02037646,43945665.67666688,0,1,Comet,-0.8208653009585538,0.43145403025885454,1.5400110962698075
1863,15.44,2.1704759431,4.8533317522,0,26.6634410788,95988.3878835212,66048763.52995449,41040798.57039626,0,1,Comet,-0.8113465744030754,0.3198577966932866,1.3830497505995225
1863,15.44,2.1704759431,4.8533317522,0,20.6973847809,74510.5852110841,42767675.44997919,26574601.243983146,0,1,Comet,-0.558062130073278,-0.1360729593045971,0.22182707756046235
1863,15.44,2.1704759431,4.8533317522,0,15.114967398,54413.8826327503,33769245.20764445,20983235.96644944,0,0,Other,-0.20260603132866442,-0.18742443217397747,-0.7018280200862594
1863,15.44,2.1704759431,4.8533317522,0,10.9653903198,39475.4051512098,41958279.24110053,26071665.761214167,0,0,Other,0.19945841605657993,0.2110735284199581,-1.1988551625467663
1864,14.88,2.8090209395,6.2811617709,0,22.5061437991,81022.1176767946,44377152.737486936,27574684.055984247,0,1,Comet,-0.4291714731938355,-0.2899066674463206,0.6080422528159957
1864,14.88,2.8090209395,6.2811617709,0,15.4113288985,55480.784034717,52764651.2638917,32786433.96823746,0,0,Other,0.20625312126845116,0.22666420513060254,-0.31328302640788375
1864,14.88,2.8090209395,6.2811617709,0,21.1217870027,76038.433209729,22025026.589993127,13685716.907896098,4,1,Comet,-0.5274417103268005,-0.8931883027936407,0.12263945772066846
1864,14.88,2.8090209395,6.2811617709,0,32.4205199237,116713.8717253942,74548870.14758605,46322519.905919775,0,1,Comet,-0.9289865054256771,0.2177891353639109,2.4292502912857827
1864,14.88,2.8090209395,6.2811617709,0,24.1756507684,87032.3427661457,66798567.74147418,41506705.30305233,0,1,Comet,-0.352674563536413,0.3045410692090689,1.1356520702605575
1864,14.88,2.8090209395,6.2811617709,0,32.672160012,117619.7760431222,72023058.39404479,44753053.25940469,0,1,Comet,-0.9721692903175149,0.13406536061208923,2.433537747713634
1864,14.88,2.8090209395,6.2811617709,0,20.9598170177,75455.3412637031,50068533.48039676,31111144.061798915,0,1,Comet,-0.2548859870411219,-0.06392980319599371,0.4564589402781868
1864,14.88,2.8090209395,6.2811617709,0,21.7701361171,78372.4900215326,39531143.738589965,24563513.693894733,0,1,Comet,-0.4162131913775698,-0.4040880438306001,0.43963803667748935
1864,14.88,2.8090209395,6.2811617709,0,25.1725070671,90621.0254414225,49650618.35178367,30851463.642419796,0,1,Comet,-0.5899121425356539,-0.23674837387855305,1.0616415322673707
1864,14.88,2.8090209395,6.2811617709,0,13.9433405085,50196.0258307098,65866846.221964166,40927760.396860816,0,0,Other,0.44304182072026216,0.6671651396968264,-0.35909492051943553
1864,14.88,2.8090209395,6.2811617709,0,13.0677488281,47043.895781066,69122527.05910487,42950746.661940455,0,0,Other,0.5420348875944141,0.7960906308011965,-0.44450704076182246
1864,14.88,2.8090209395,6.2811617709,0,23.8982813145,86033.8127321125,73708781.97594477,45800513.32182884,0,1,Comet,-0.2668476779472432,0.5179289944399895,1.1834959991383263
1864,14.88,2.8090209395,6.2811617709,0,23.3375041193,84015.0148293335,61819591.84730257,38412913.1434628,0,1,Comet,-0.3329192084902578,0.19034975967270212,0.95075169279338
1864,14.88,2.8090209395,6.2811617709,0,29.0294763525,104506.1148691487,57947436.06483733,36006867.11007598,0,1,Comet,-0.8162334270837146,-0.14022974421512108,1.7263040343989018
1864,14.88,2.8090209395,6.2811617709,0,21.7425233573,78273.0840862544,18360839.926348086,11408896.892654069,4,1,Comet,-0.6101857386399825,-1.0243906046933868,0.16591307148368925
1864,14.88,2.8090209395,6.2811617709,0,20.8798802525,75167.5689088906,45456848.69091172,28245576.01176904,0,1,Comet,-0.29132958226616384,-0.19623764713585892,0.38611859460400894
1864,14.88,2.8090209395,6.2811617709,0,18.3847774985,66185.198994443,42433528.89033493,26366972.199706912,0,0,Other,-0.12320385108205233,-0.1898804922843966,-0.01399314016203825
1864,14.88,2.8090209395,6.2811617709,0,28.5894428984,102921.994434406,60430409.33136027,37549715.15507885,0,1,Comet,-0.7586381802939008,-0.05058330733532622,1.6941686400322957
1864,14.88,2.8090209395,6.2811617709,0,19.4592190667,70053.188640106,74080215.81964633,46031311.61004616,0,0,Other,0.08554265623305189,0.6980107465672072,0.5449151286195935
1864,14.88,2.8090209395,6.2811617709,0,24.4684130648,88086.2870333502,70806214.38959736,43996941.45641125,0,1,Comet,-0.3385573321247951,0.4110090724816764,1.2291394621892888
1864,14.88,2.8090209395,6.2811617709,0,22.1577792838,79768.0054217956,56280809.62342899,34971273.460500464,0,1,Comet,-0.2914994431604238,0.07274607566293505,0.7092171825663784
1864,14.88,2.8090209395,6.2811617709,0,25.4823208801,91736.3551681919,46584080.23519664,28946005.214054003,0,1,Comet,-0.6426777264385167,-0.3385597312441696,1.0674703789962918
1864,14.88,2.8090209395,6.2811617709,0,22.3316246724,80393.8488204679,44684724.28271079,27765800.152015224,0,1,Comet,-0.4126030937664533,-0.27422813343807606,0.5866694323325143
1864,14.88,2.8090209395,6.2811617709,0,15.6518013924,56346.4850126987,51837527.29084103,32210345.844945014,0,0,Other,0.17876007055153978,0.19028802413048806,-0.29024567715044
1864,14.88,2.8090209395,6.2811617709,0,23.5887896624,84919.6427846353,20684947.57026688,12853030.417223848,4,1,Comet,-0.7337854781466561,-1.0265416138646946,0.46308639015426706
1864,14.88,2.8090209395,6.2811617709,0,32.0024589582,115208.8522496348,73483940.1472011,45660803.08789715,0,1,Comet,-0.9059898595226787,0.20246611185243418,2.3550965998010853
1864,14.88,2.8090209395,6.2811617709,0,24.2472288417,87290.0238299497,66864402.921701655,41547613.38711261,0,1,Comet,-0.35769126031519144,0.3037453924296211,1.1468640161603691
1864,14.88,2.8090209395,6.2811617709,0,32.9736299504,118705.0678214472,73944735.81479375,45947128.238665566,0,1,Comet,-0.9780630885659569,0.17897766265590068,2.5017104688556664
1864,14.88,2.8090209395,6.2811617709,0,21.3041574105,76694.966677796,19788980.83927408,12296302.506401181,4,1,Comet,-0.5624946084736386,-0.9657673733505011,0.12058009072309604
1864,14.88,2.8090209395,6.2811617709,0,21.0865863825,75911.7109768751,50517755.34421921,31390277.58438475,0,1,Comet,-0.26068911771145986,-0.055576394905713776,0.4805538544301698
1864,14.88,2.8090209395,6.2811617709,0,22.0368738022,79332.7456880071,40567121.31520446,25207240.310003147,0,1,Comet,-0.4275827527297333,-0.38384760065161333,0.4914929400962622
1864,14.88,2.8090209395,6.2811617709,0,24.9859435769,89949.3968769232,49713882.37845967,30890774.085746776,0,1,Comet,-0.5746604835941822,-0.2277813099435382,1.0354105959907232
1864,14.88,2.8090209395,6.2811617709,0,13.9797441763,50327.0790347416,65057895.18642705,40425101.531979345,0,0,Other,0.4326852327699386,0.6420347735590294,-0.36412582281532857
1864,14.88,2.8090209395,6.2811617709,0,23.8245331571,85768.3193655085,73665618.26315708,45773692.63439437,0,1,Comet,-0.2614503421856895,0.5194727912818692,1.172258411647984
1864,14.88,2.8090209395,6.2811617709,0,23.5114782136,84641.3215689042,62348597.48651001,38741622.00523384,0,1,Comet,-0.34169384469828373,0.1992457954614318,0.9827040584708834
1864,14.88,2.8090209395,6.2811617709,0,29.6168254483,106620.5716140258,60810807.85734115,37786083.83856187,0,1,Comet,-0.8358750084568413,-0.07857375344181311,1.8479044308408967
1864,14.88,2.8090209395,6.2811617709,0,20.8671818702,75121.8547325947,46284909.98667369,28760109.441723347,0,1,Comet,-0.282659379610502,-0.1714498368879925,0.39482836672296495
1864,14.88,2.8090209395,6.2811617709,0,18.9307970274,68150.8692985252,42150487.71568347,26191098.569147114,0,0,Other,-0.16874812682845156,-0.21899755135070695,0.0615304091547246
1864,14.88,2.8090209395,6.2811617709,0,22.2462622107,80086.5439586914,18528188.57096953,11512882.518544288,4,1,Comet,-0.6482335169077912,-1.0386771970671065,0.2410475207882147
1864,14.88,2.8090209395,6.2811617709,0,27.9954597308,100783.6550308271,58977743.01451117,36647070.16199332,0,1,Comet,-0.7254048977390084,-0.07058182292362343,1.5895801233116862
1864,14.88,2.8090209395,6.2811617709,0,18.8265506643,67775.5823915952,73560389.04198869,45708306.22836827,0,0,Other,0.13045970645364954,0.7068657171247484,0.4466052865945831
1864,14.88,2.8090209395,6.2811617709,0,24.4556435155,88040.3166556924,71089991.75032687,44173272.531787954,0,1,Comet,-0.33492433313444037,0.41982469410199014,1.2309043930383863
1864,14.88,2.8090209395,6.2811617709,0,22.4267292768,80736.2253965174,57135373.04952911,35502274.550631344,0,1,Comet,-0.30472371575562723,0.08757764298204794,0.7590813627230764
1864,14.88,2.8090209395,6.2811617709,0,26.1721008855,94219.5631879296,49352536.77184007,30666244.337376136,0,1,Comet,-0.6712506614806752,-0.2835933449702816,1.2027058800731145
1864,14.88,2.8090209395,6.2811617709,0,21.9534542281,79032.4352212262,44905139.5852801,27902759.870125275,0,1,Comet,-0.3808334490145324,-0.2533461711136069,0.5346728401170179
1864,14.88,2.8090209395,6.2811617709,0,16.2186312641,58387.0725506207,49833245.92054119,30964943.151530955,0,0,Other,0.11563260675470381,0.1098589190303846,-0.23363598093345697
1864,14.88,2.8090209395,6.2811617709,0,31.1776200072,112239.4320259592,70741092.94080766,43956476.86450139,0,1,Comet,-0.8665628430577788,0.1533986886260889,2.2006145055916098
1864,14.88,2.8090209395,6.2811617709,0,21.7015277904,78125.5000452755,74705048.49877201,46419564.633322954,0,1,Comet,-0.08493327577928902,0.6308916583678535,0.8778334392298047
1864,14.88,2.8090209395,6.2811617709,0,24.4016555384,87845.9599383408,67859608.93026869,42166005.7256024,0,1,Comet,-0.3606099479274927,0.327069536341255,1.1819232469417347
1864,14.88,2.8090209395,6.2811617709,0,24.0719118055,86658.8824999256,22100526.76500875,13732630.541236725,4,1,Comet,-0.7586477303216161,-1.0034065184595569,0.5511363066104429
1864,14.88,2.8090209395,6.2811617709,0,21.4397456496,77183.0843386975,52289872.57867164,32491420.173213165,0,1,Comet,-0.2720318249978372,-0.01702369673120931,0.5543119498373451
1864,14.88,2.8090209395,6.2811617709,0,23.1343263993,83283.5750375362,42724312.293311216,26547656.627868116,0,1,Comet,-0.4938656914263035,-0.36235912791129055,0.6780208291621238
1864,14.88,2.8090209395,6.2811617709,0,24.0942489362,86739.2961701472,48148809.50863425,29918282.89945278,0,1,Comet,-0.5190659318909814,-0.23973271242543073,0.886245313985519
1864,14.88,2.8090209395,6.2811617709,0,14.3509718545,51663.498676114,60979177.13343067,37890703.65543853,0,0,Other,0.36571412283759586,0.5081750390278331,-0.3622926434972671
1864,14.88,2.8090209395,6.2811617709,0,21.3823951579,76976.6225685368,19566942.998206746,12158334.589619255,4,1,Comet,-0.5707019611336391,-0.9752660231291795,0.1290894754227206
1864,14.88,2.8090209395,6.2811617709,0,23.4342762031,84363.39433098,73999213.30033402,45980978.97850063,0,1,Comet,-0.22768198062052758,0.5441372506465446,1.1199522134676458
1864,14.88,2.8090209395,6.2811617709,0,23.8641237259,85910.8454132353,63774972.26194256,39627930.1920309,0,1,Comet,-0.35619947493122694,0.22767042616138108,1.0519827185582815
1864,14.88,2.8090209395,6.2811617709,0,30.8676783672,111123.6421220676,66437939.860555485,41282621.52875213,0,1,Comet,-0.8820674993747362,0.038912214060884916,2.1008725244896778
1864,14.88,2.8090209395,6.2811617709,0,20.8984445455,75234.4003636985,48002170.43018647,29827165.601270594,0,1,Comet,-0.269206457235801,-0.12223918723854335,0.4212379871556566
1864,14.88,2.8090209395,6.2811617709,0,20.2024318174,72728.754542716,41512465.650590494,25794650.04146085,0,1,Comet,-0.27462099111604865,-0.2861878147036474,0.23768813600692154
1864,14.88,2.8090209395,6.2811617709,0,26.6436142156,95917.0111760023,55108758.94624653,34242994.94042299,0,1,Comet,-0.654984243870195,-0.13261661168195593,1.3443760217003269
1864,14.88,2.8090209395,6.2811617709,0,13.7776570327,49599.5653177895,72414747.74446498,44996437.73586766,0,0,Other,0.5167323825253007,0.8656625367659382,-0.2996814492810312
1864,14.88,2.8090209395,6.2811617709,0,16.8875842267,60795.3032159735,72007713.06341422,44743518.11310145,0,0,Other,0.26849380938753176,0.7351914393980786,0.14582631139683236
1864,14.88,2.8090209395,6.2811617709,0,24.278907691,87404.0676875219,72122585.4680013,44814896.51545139,0,1,Comet,-0.3114643617103078,0.4568673339402768,1.2184475757378115
1864,14.88,2.8090209395,6.2811617709,0,22.129969458,79667.8900486736,18574081.30794091,11541398.942974132,4,1,Comet,-0.6386666958167978,-1.0328981206525631,0.22477896605389044
1864,14.88,2.8090209395,6.2811617709,0,23.0090566522,82832.6039479819,59476746.21745842,36957136.374343425,0,1,Comet,-0.3288068704349695,0.1341041996781088,0.873303408131611
1864,14.88,2.8090209395,6.2811617709,0,27.8254804118,100171.729482309,55420523.2410533,34436716.29023757,0,1,Comet,-0.7450007305759853,-0.16850912260557876,1.519625287050023
1864,14.88,2.8090209395,6.2811617709,0,21.3233216666,76763.9579998601,45463436.891347796,28249669.7296918,0,1,Comet,-0.3261269037904296,-0.21294457217426366,0.45046648938831413
1864,14.88,2.8090209395,6.2811617709,0,17.5026746595,63009.6287742691,46087201.50152084,28637259.08569607,0,0,Other,-0.020011551214012234,-0.049025669089994985,-0.0952781923915524
1864,14.88,2.8090209395,6.2811617709,0,29.56741454,106442.6923441264,65315119.179547936,40584933.10981592,0,1,Comet,-0.7902583750024245,0.05551230144223439,1.8981315799909466
1864,14.88,2.8090209395,6.2811617709,0,20.4645560247,73672.4016890806,74251455.93870029,46137715.286022276,0,1,Comet,0.008100948328783008,0.6647216310962709,0.6927912382839646
1864,14.88,2.8090209395,6.2811617709,0,24.5244586363,88288.0510905216,69414673.53803346,43132278.06622361,0,1,Comet,-0.3558556474705586,0.3680309303736903,1.2195325142366031
1864,14.88,2.8090209395,6.2811617709,0,22.0612956566,79420.664363629,54968776.50926035,34156013.8874448,0,1,Comet,-0.2960709934023215,0.037914651871808445,0.6785185359694459
1864,14.88,2.8090209395,6.2811617709,0,24.9393938698,89781.8179311212,47156491.74126393,29301685.230822694,0,1,Comet,-0.5946955295855015,-0.30106742497114986,0.9960817647386935
1864,14.88,2.8090209395,6.2811617709,0,23.4364257987,84371.1328754132,20816625.425575104,12934851.2424303,4,1,Comet,-0.7205883529690162,-1.0168699877317458,0.4426833329028248
1864,14.88,2.8090209395,6.2811617709,0,22.7704262389,81973.5344600472,46289715.56393106,28763095.488966227,0,1,Comet,-0.43222645667164644,-0.24384460404916972,0.6707096000403575
1864,14.88,2.8090209395,6.2811617709,0,15.3164426299,55139.1934675432,54607213.77629224,33931349.223017335,0,0,Other,0.2307833758262928,0.2843602553732367,-0.3035586034280246
1864,14.88,2.8090209395,6.2811617709,0,22.6096887074,81394.8793465561,74353045.84760582,46200840.32826907,0,1,Comet,-0.1595839509689321,0.5859487473839687,1.00496025373509
1864,14.88,2.8090209395,6.2811617709,0,21.3340807687,76802.6907673492,20391091.935673542,12670436.992857149,4,1,Comet,-0.5592682778697299,-0.949235656466808,0.132587895551427
1864,14.88,2.8090209395,6.2811617709,0,24.2330558768,87239.001156385,65788387.58451164,40879008.46020516,0,1,Comet,-0.36654643834877404,0.2727041665821541,1.131100928432611
1864,14.88,2.8090209395,6.2811617709,0,32.6983536986,117714.0733148257,74352809.12393636,46200693.23500165,0,1,Comet,-0.9526431704554521,0.20144597617699703,2.467016285915274
1865,16.79,1.1656145947,2.6063934693,0,15.3280685679,55181.0468445052,49947483.401848435,31035927.03084905,0,0,Other,-0.5964359508599879,0.5552070054272962,-0.676369857609157
1865,16.79,1.1656145947,2.6063934693,0,20.5734876066,74064.5553836077,15818042.905445969,9828876.090403639,4,1,Comet,-1.3249813468738363,-0.6464142264260094,-0.35102971832466295
1865,16.79,1.1656145947,2.6063934693,0,24.3577780605,87688.0010177366,50846595.72725372,31594609.523404483,0,1,Comet,-1.2979195545683129,0.23745896297334895,0.6436796094756918
1865,16.79,1.1656145947,2.6063934693,0,12.3056254897,44300.2517630827,59121077.341372564,36736133.982760735,0,0,Other,-0.2738521019477487,0.9396451483889797,-0.9975077281583037
1865,16.79,1.1656145947,2.6063934693,0,15.4226315674,55521.473642789,63490477.10071321,39451153.09610585,0,0,Other,-0.47839340742288133,0.9490940830863623,-0.4901192395712416
1865,16.79,1.1656145947,2.6063934693,0,17.1998718992,61919.5388372622,55309270.14749383,34367586.82347568,0,0,Other,-0.6938989853410258,0.6412395537220568,-0.336793701456604
1865,16.79,1.1656145947,2.6063934693,0,23.9225978282,86121.3521815546,60594210.008178286,37651496.1760049,0,1,Comet,-1.1733988161499727,0.5401398839489735,0.7048037513084852
1865,16.79,1.1656145947,2.6063934693,0,16.4113753372,59080.9512140921,21765664.065401006,13524556.50822159,4,0,Other,-0.942698244740416,-0.3132246861446421,-0.8784305155197829
1865,16.79,1.1656145947,2.6063934693,0,28.120090546,101232.3259656371,67752936.7628452,42099722.71434952,0,1,Comet,-1.437032639441979,0.590277278818624,1.4043152258838651
1865,16.79,1.1656145947,2.6063934693,0,11.8847166985,42784.9801146526,47908363.515025325,29768876.687082328,0,0,Other,-0.3446509464030386,0.6265900833894407,-1.2013634271468845
1865,16.79,1.1656145947,2.6063934693,0,10.2055961135,36740.1460084722,57710352.56759261,35859550.256061405,0,0,Other,-0.12184186798307237,0.9782755589944133,-1.3198195498385386
1865,16.79,1.1656145947,2.6063934693,0,18.6508071894,67142.9058817302,59488015.754120834,36964138.939712174,0,0,Other,-0.7692390145950471,0.7085894625817313,-0.0732828528278301
1865,16.79,1.1656145947,2.6063934693,0,20.3490067812,73256.4244121767,48288234.70851446,30004917.7013492,0,1,Comet,-1.0064984309931186,0.31515122928397465,0.030129448181817474
1865,16.79,1.1656145947,2.6063934693,0,12.1686285294,43807.0627058314,35305421.334026635,21937771.548980214,0,0,Other,-0.48373532122182133,0.24586950089627985,-1.3207882467768695
1865,16.79,1.1656145947,2.6063934693,0,19.5512110497,70384.3597790024,62667289.464199245,38939648.01758173,0,0,Other,-0.8105625942894698,0.7675862334101334,0.09771053540135094
1865,16.79,1.1656145947,2.6063934693,0,17.0625349383,61425.1257779506,40736006.83858356,25312180.90807073,0,0,Other,-0.8181245843483871,0.2187439329848312,-0.5423694611761811
1865,16.79,1.1656145947,2.6063934693,0,16.8133467522,60528.048308028,14811484.69243356,9203429.819166701,4,0,Other,-1.0387272684147812,-0.5326517899493532,-0.9087771523400775
1865,16.79,1.1656145947,2.6063934693,0,14.0006380418,50402.2969504242,25227939.336614903,15675914.601953516,0,0,Other,-0.7211152481507213,-0.11972862901002941,-1.1836852709106576
1865,16.79,1.1656145947,2.6063934693,0,19.7965636687,71267.6292073877,64742388.46154563,40229054.74394839,0,0,Other,-0.8106236289930872,0.8191402304154142,0.15970537020033065
1865,16.79,1.1656145947,2.6063934693,0,14.4553430119,52039.2348428882,39737449.34405556,24691706.05277238,0,0,Other,-0.6224282168365376,0.2888003893795391,-0.9329284916973001
1865,16.79,1.1656145947,2.6063934693,0,17.0143854344,61251.7875637226,24393285.457199264,15157284.730471335,0,0,Other,-0.9657551480093083,-0.25908490899345,-0.7575641235281305
1865,16.79,1.1656145947,2.6063934693,0,19.3668428927,69720.6344136718,65857621.08979317,40922028.16553687,0,0,Other,-0.7665111841092744,0.8682500254936328,0.11163860295729225
1865,16.79,1.1656145947,2.6063934693,0,13.8501929813,49860.6947327423,44163123.81286729,27441692.64911908,0,0,Other,-0.5338542146728347,0.44175857184029427,-0.9642414755820221
1865,16.79,1.1656145947,2.6063934693,0,13.9005639845,50042.0303441726,8973832.88183616,5576081.186452608,2,0,Other,-0.8638430707204575,-0.5929776644354587,-1.405275878347565
1865,16.79,1.1656145947,2.6063934693,0,18.38755177,66195.1863721181,11383316.3143999,7073264.76612262,4,0,Other,-1.1942355338577018,-0.6932651611141615,-0.7243189166203448
1865,16.79,1.1656145947,2.6063934693,0,20.5118976472,73842.8315300921,34964280.17637265,21725796.263038646,0,1,Comet,-1.1427496920321167,-0.0821189770025754,-0.11602000769849852
1865,16.79,1.1656145947,2.6063934693,0,12.7727596404,45981.9347053982,68606024.33115885,42629806.74897631,0,0,Other,-0.22269475685154555,1.2002279998270382,-0.808965867176708
1865,16.79,1.1656145947,2.6063934693,0,18.0425693172,64953.2495419636,65652192.501840465,40794380.760071896,0,0,Other,-0.6643150340528999,0.9126909044967908,-0.0828936916181524
1865,16.79,1.1656145947,2.6063934693,0,15.3279094719,55180.474098961,50018409.23303434,31079998.298736133,0,0,Other,-0.595766315743463,0.5572947638034206,-0.6754892732108283
1865,16.79,1.1656145947,2.6063934693,0,24.3386744912,87619.2281682602,50951321.37207212,31659683.021596428,0,1,Comet,-1.2954475629525366,0.24126076170244848,0.6422453739364226
1865,16.79,1.1656145947,2.6063934693,0,12.2922542885,44252.1154386263,59067271.68490669,36702700.698154844,0,0,Other,-0.273299519089555,0.9385755345657436,-1.000131014215389
1865,16.79,1.1656145947,2.6063934693,0,15.4332016866,55559.5260718288,63456308.6180899,39429921.78551267,0,0,Other,-0.4795408823998818,0.947688382766219,-0.4890227361791273
1865,16.79,1.1656145947,2.6063934693,0,17.2215918558,61997.7306809729,55372771.57102973,34407044.77837121,0,0,Other,-0.6950180217472411,0.6422755563209797,-0.3328369754155137
1865,16.79,1.1656145947,2.6063934693,0,23.8282527074,85781.7097466645,60390100.34984643,37524668.315403536,0,1,Comet,-1.167873545850798,0.5377448523554674,0.6885306770980029
1865,16.79,1.1656145947,2.6063934693,0,20.3407300352,73226.6281266844,15276404.548905311,9492317.622072823,4,1,Comet,-1.3117028591616389,-0.6534407001521452,-0.39166199107135974
1865,16.79,1.1656145947,2.6063934693,0,28.2534565469,101712.4435689901,68507592.05929433,42568643.771404654,0,1,Comet,-1.4405244783438653,0.6073438435231796,1.4332575494306887
1865,16.79,1.1656145947,2.6063934693,0,11.8938991427,42818.0369136314,47491838.61437794,29510060.115303945,0,0,Other,-0.3492318754062502,0.6140149911884385,-1.2053394938340365
1865,16.79,1.1656145947,2.6063934693,0,9.819952496,35351.8289855435,57375909.10105576,35651736.72239701,0,0,Other,-0.09462554065536687,0.9831570608410666,-1.3799684193852044
1865,16.79,1.1656145947,2.6063934693,0,18.7039488832,67334.2159794962,59582040.10978601,37022562.96516445,0,0,Other,-0.7725452781181031,0.7093237878963724,-0.06438357656045056
1865,16.79,1.1656145947,2.6063934693,0,20.2545945163,72916.5402585918,48128295.45191689,29905536.055687614,0,1,Comet,-1.0005586432139963,0.3140551715418205,0.014409402734651792
1865,16.79,1.1656145947,2.6063934693,0,16.4443414389,59199.6291801505,22071256.969357096,13714443.133580085,4,0,Other,-0.9424583453629546,-0.30551183344292987,-0.869759586008728
1865,16.79,1.1656145947,2.6063934693,0,12.1754056583,43831.4603700377,35285407.038913585,21925335.242676154,0,0,Other,-0.484453495356215,0.2450237875089859,-1.3200610937279447
1865,16.79,1.1656145947,2.6063934693,0,19.5811409051,70492.1072582941,62657629.570698455,38933645.638094366,0,0,Other,-0.8130048409092855,0.7661620359342074,0.10192492561109048
1865,16.79,1.1656145947,2.6063934693,0,16.9890853591,61160.707292733,40745451.864663675,25318049.775133923,0,0,Other,-0.8122632987584606,0.22182043318383082,-0.5528935092325583
1865,16.79,1.1656145947,2.6063934693,0,14.047106942,50569.5849912184,25271578.740709625,15703030.870259903,0,0,Other,-0.7243637891772224,-0.1202188062467335,-1.1763949590341776
1865,16.79,1.1656145947,2.6063934693,0,19.8224412127,71360.7883658075,64709187.27874974,40208424.485596806,0,0,Other,-0.812965438972125,0.8171795291919101,0.16303256436342145
1865,16.79,1.1656145947,2.6063934693,0,14.4263112012,51934.7203242408,39866263.59693625,24771747.51794038,0,0,Other,-0.6189525976067721,0.2936875779789804,-0.9354946331739956
1865,16.79,1.1656145947,2.6063934693,0,16.9306171277,60950.2216596473,14224742.278892163,8838844.989415277,4,0,Other,-1.0533819187387026,-0.5543422295732924,-0.8992576925905749
1865,16.79,1.1656145947,2.6063934693,0,16.9096388603,60874.6998972582,24444848.028242577,15189324.226426482,0,0,Other,-0.9570434261387019,-0.2535794653020275,-0.772087157590586
1865,16.79,1.1656145947,2.6063934693,0,19.403092806,69851.1341017577,65785414.83547814,40877161.27961065,0,0,Other,-0.7700297352634831,0.8647492051546907,0.11597202115612876
1865,16.79,1.1656145947,2.6063934693,0,13.8293664126,49785.7190851926,44114509.39696764,27411485.051823936,0,0,Other,-0.5326674780145685,0.44112545899577704,-0.9678790609339865
1865,16.79,1.1656145947,2.6063934693,0,20.4767356625,73716.2483848326,35019060.79207689,21759835.359223403,0,1,Comet,-1.1394781103267306,-0.0791710672871374,-0.12041777609180805
1865,16.79,1.1656145947,2.6063934693,0,12.7924038478,46052.6538521714,68639493.92245309,42650603.788635015,0,0,Other,-0.2239288666068147,1.200461669169282,-0.8056925855790407
1865,16.79,1.1656145947,2.6063934693,0,18.0632525516,65027.7091858928,65625442.65238938,40777759.17437617,0,0,Other,-0.6661887543209707,0.9111175156799453,-0.08023706766479267
1865,16.79,1.1656145947,2.6063934693,0,15.3413419641,55228.8310706837,50055420.853096575,31102996.253013495,0,0,Other,-0.5964793135792195,0.5578691315918578,-0.673071071643452
1865,16.79,1.1656145947,2.6063934693,0,18.3867966697,66192.4680109682,11496882.520144884,7143831.534148039,4,0,Other,-1.1931239839590178,-0.6899031799109974,-0.7229814399231965
1865,16.79,1.1656145947,2.6063934693,0,24.2562106909,87322.3584873782,50677451.14524314,31489507.953767654,0,1,Comet,-1.2915026006440125,0.23636541905327169,0.6268053575953293
1865,16.79,1.1656145947,2.6063934693,0,12.3019477833,44287.0120200496,59364482.29109136,36887378.8052004,0,0,Other,-0.2713078520121202,0.9469293220527184,-0.9949395691780636
1865,16.79,1.1656145947,2.6063934693,0,15.5287356322,55903.4482760611,63522109.061691955,39470808.28523481,0,0,Other,-0.48644104143741035,0.9459786882686906,-0.47433952475465313
1865,16.79,1.1656145947,2.6063934693,0,13.8248087662,49769.3115583103,8234205.544136402,5116498.069958268,2,0,Other,-0.8647407073705171,-0.6117987967917674,-1.4256777259174922
1865,16.79,1.1656145947,2.6063934693,0,17.1548967693,61757.6283695992,55203008.401826695,34301558.836476564,0,0,Other,-0.691348064525057,0.6398348158962934,-0.34466538364165233
1865,16.79,1.1656145947,2.6063934693,0,23.9773942813,86318.619412563,60989938.45620912,37897390.43134314,0,1,Comet,-1.174039865685302,0.5496662515509392,0.7177867412200493
1865,16.79,1.1656145947,2.6063934693,0,28.1075622651,101187.224154274,67882653.58455497,42180325.00978185,0,1,Comet,-1.4348459792280106,0.5945619810870945,1.4041522911503546
1865,16.79,1.1656145947,2.6063934693,0,11.8977216123,42831.7978042364,47982198.81534573,29814755.815257978,0,0,Other,-0.34498916095457893,0.6282615332451765,-1.1985380332619402
1865,16.79,1.1656145947,2.6063934693,0,10.3445242533,37240.2873120388,57759175.67252092,35889887.52670592,0,0,Other,-0.13231048429118497,0.974413749378682,-1.2990639122105125
1865,16.79,1.1656145947,2.6063934693,0,18.670023001,67212.0828037066,59479218.2923406,36958672.450446405,0,0,Other,-0.7708310535243286,0.7075989077912976,-0.07061016422304636
1865,16.79,1.1656145947,2.6063934693,0,20.3409212676,73227.3165634529,48462926.78345889,30113466.323253185,0,1,Comet,-1.0042443146980458,0.3205866478076268,0.03118337724787794
1865,16.79,1.1656145947,2.6063934693,0,20.4408362264,73587.0104151847,15679683.41087206,9742903.487078,4,1,Comet,-1.3158356944606215,-0.6454195551528397,-0.37201647313054176
1865,16.79,1.1656145947,2.6063934693,0,12.1819000302,43854.8401088568,35482663.289705426,22047904.59330189,0,0,Other,-0.48313642777906196,0.25056580782008697,-1.3166067514922883
1865,16.79,1.1656145947,2.6063934693,0,19.5701055174,70452.3798628175,62570010.1730384,38879201.46899808,0,0,Other,-0.8129491581302425,0.7640109566611354,0.09920933907598041
1865,16.79,1.1656145947,2.6063934693,0,17.0548220936,61397.3595368948,40931222.18547414,25433482.09981753,0,0,Other,-0.8157096146819619,0.22476751282289187,-0.5410000448866644
1865,16.79,1.1656145947,2.6063934693,0,16.4759418108,59313.3905187814,21404077.531411774,13299877.05452539,4,0,Other,-0.9511238366086462,-0.3262980979743633,-0.8736803251676407
1865,16.79,1.1656145947,2.6063934693,0,13.9709075904,50295.2673253378,25570247.073418938,15888614.76656585,0,0,Other,-0.7156066896579429,-0.10854871462426816,-1.183632615662477
1865,16.79,1.1656145947,2.6063934693,0,19.8470058453,71449.2210431977,64653192.64641087,40173631.03445521,0,0,Other,-0.815415224286686,0.8145998704525563,0.1658790869231622
1865,16.79,1.1656145947,2.6063934693,0,14.452610382,52029.3973751773,39938311.99557885,24816516.316900104,0,0,Other,-0.620352413120315,0.294799915065909,-0.9307653875845149
1865,16.79,1.1656145947,2.6063934693,0,16.8758757671,60753.1527615355,24606013.5834599,15289467.858716592,0,0,Other,-0.9528961516006151,-0.24756243897197097,-0.7749267846703731
1865,16.79,1.1656145947,2.6063934693,0,19.4345425085,69964.3530305244,65712387.85732872,40831784.41954156,0,0,Other,-0.7731785520108408,0.8614072403483662,0.11959933162336643
1865,16.79,1.1656145947,2.6063934693,0,13.8004791225,49681.7248409327,44104247.76099456,27405108.76690253,0,0,Other,-0.530491759356205,0.4419252195540561,-0.9721961746857599
1865,16.79,1.1656145947,2.6063934693,0,17.0755823826,61472.0965774964,13652900.920227008,8483519.245814417,4,0,Other,-1.0700755695704582,-0.5766508166286786,-0.8855348152035211
1865,16.79,1.1656145947,2.6063934693,0,20.3422583836,73232.1301810234,34597129.93304046,21497659.68066592,0,1,Comet,-1.1328162188799331,-0.08642971475035849,-0.14528202360953943
1865,16.79,1.1656145947,2.6063934693,0,12.8022199816,46087.9919338079,68952973.16236217,42845390.75592283,0,0,Other,-0.2217961109106502,1.2092882720849598,-0.8002760947180403
1865,16.79,1.1656145947,2.6063934693,0,18.1708004058,65414.881460812,65624930.29464442,40777440.8100362,0,0,Other,-0.674647700315284,0.9070036500024348,-0.06465765681270312
1865,16.79,1.1656145947,2.6063934693,0,15.2831819598,55019.455055244,49878468.129939646,30993042.929447144,0,0,Other,-0.5935468995456873,0.5548920893509927,-0.6837541670808054
1865,16.79,1.1656145947,2.6063934693,0,24.2037644061,87133.5518618603,50558172.933786675,31415391.909975216,0,1,Comet,-1.2884849796448121,0.23486338210853677,0.6176851102888529
1865,16.79,1.1656145947,2.6063934693,0,12.3284876714,44382.555617045,59450308.30948585,36940708.62009436,0,0,Other,-0.27259893938243607,0.9484368627626433,-0.9899999043152589
1865,16.79,1.1656145947,2.6063934693,0,15.5814579046,56093.2484563847,63529047.41090256,39475119.57551709,0,0,Other,-0.49052118780402776,0.9441729973553572,-0.46661056322631683
1865,16.79,1.1656145947,2.6063934693,0,17.1739699894,61826.2919619707,55202244.77949928,34301084.34356484,0,0,Other,-0.692854460885916,0.6390854911657078,-0.34191100325267865
1865,16.79,1.1656145947,2.6063934693,0,23.9774598411,86318.8554280082,61077110.60111724,37951556.69046623,0,1,Comet,-1.1732373681583157,0.5522222822251334,0.718906871449741
1865,16.79,1.1656145947,2.6063934693,0,18.3494573031,66058.0462911809,11597424.451091716,7206305.393087067,4,0,Other,-1.1892572618520578,-0.6855291778679619,-0.7271117279806973
1865,16.79,1.1656145947,2.6063934693,0,28.0880884951,101117.1185824525,67891563.76833025,42185861.54124745,0,1,Comet,-1.4332326181529855,0.5955656755248647,1.4014436551244926
1865,16.79,1.1656145947,2.6063934693,0,11.8913099628,42808.7158661538,48181041.985382736,29938311.231778186,0,0,Other,-0.3426428647476169,0.6343420000912756,-1.1969338257035589
1865,16.79,1.1656145947,2.6063934693,0,10.4957690357,37784.7685284293,57890371.50853222,35971408.839009866,0,0,Other,-0.14298411161763547,0.9725001970017088,-1.2754738532683818
1865,16.79,1.1656145947,2.6063934693,0,18.65305339,67150.992203901,59382147.82484648,36898355.65887236,0,0,Other,-0.7703964533412717,0.7053965998458359,-0.07430615683697064
1865,16.79,1.1656145947,2.6063934693,0,20.4059427976,73461.3940714172,48780229.22133263,30310628.91559704,0,1,Comet,-1.0064157624702026,0.32742149317780866,0.04464899730461609
1865,16.79,1.1656145947,2.6063934693,0,13.7649680753,49553.885071021,7585589.541321728,4713466.774618726,2,0,Other,-0.8660461433764692,-0.6285552476140978,-1.4426136818601536
1865,16.79,1.1656145947,2.6063934693,0,12.1648514768,43793.4653165689,35736488.59873736,22205624.326773115,0,0,Other,-0.4794445679251704,0.2586654074807915,-1.315843546454529
1865,16.79,1.1656145947,2.6063934693,0,19.5630076974,70426.8277108153,62520576.20016774,38848484.622615345,0,0,Other,-0.8128492140226586,0.7628305640910035,0.09755089553075007
1865,16.79,1.1656145947,2.6063934693,0,17.0353365469,61327.2115686607,41029234.79043394,25494384.308466613,0,0,Other,-0.8132697927160072,0.22838683956256953,-0.5425751654098819
1865,16.79,1.1656145947,2.6063934693,0,20.6496746741,74338.8288267125,16411534.39697284,10197654.602751592,4,1,Comet,-1.3254716079270368,-0.6318986846007782,-0.33242715149504365
1865,16.79,1.1656145947,2.6063934693,0,13.9948139913,50381.3303685547,25683057.73512149,15958712.061293066,0,0,Other,-0.71644074889092,-0.10614879975051679,-1.1787307965733023
1865,16.79,1.1656145947,2.6063934693,0,19.8371548528,71413.7574700807,64613730.16444442,40149110.18520814,0,0,Other,-0.8150064708178542,0.8138170721972036,0.16394869417755092
1865,16.79,1.1656145947,2.6063934693,0,14.4347726475,51965.1815308495,40031272.5159111,24874279.30572918,0,0,Other,-0.6180889311919158,0.29820816070074513,-0.9321660723868436
1865,16.79,1.1656145947,2.6063934693,0,16.5062239927,59422.4063735623,20698525.44694275,12861467.318565924,4,0,Other,-0.9600412297179736,-0.34816037306987646,-0.8782809899044253
1865,16.79,1.1656145947,2.6063934693,0,16.9242447104,60927.2809575811,24854315.18561932,15443755.319893816,0,0,Other,-0.9543978545503272,-0.24211813154612938,-0.7647535885757426
1865,16.79,1.1656145947,2.6063934693,0,19.4246125659,69928.6052370629,65692765.26927848,40819591.50871993,0,0,Other,-0.7725797754907343,0.8612097580021405,0.11791027037254202
1865,16.79,1.1656145947,2.6063934693,0,13.814754317,49733.1155412119,44313918.28630984,27535391.990020115,0,0,Other,-0.5296713138523022,0.44753506253411024,-0.9674560622939674
1865,16.79,1.1656145947,2.6063934693,0,20.4365636986,73571.6293151026,35126140.164902516,21826371.39618021,0,1,Comet,-1.1353281518923442,-0.07449723431557297,-0.12487527565411868
1865,16.79,1.1656145947,2.6063934693,0,12.7830406752,46018.9464305476,68688637.91481255,42681140.4494834,0,0,Other,-0.22273751985148083,1.2022609065638101,-0.8064233794807859
1865,16.79,1.1656145947,2.6063934693,0,18.1327119921,65277.7631715211,65533225.10987849,40720457.850557595,0,0,Other,-0.6725032687015018,0.9057636874939022,-0.07134584949589928
1865,16.79,1.1656145947,2.6063934693,0,15.314287361,55131.4344997735,50040828.79262083,31093929.167080227,0,0,Other,-0.5944877815404949,0.55847194610459,-0.6771777630224466
1865,16.79,1.1656145947,2.6063934693,0,17.0228503367,61282.2612122345,14105526.973340029,8764768.033539265,4,0,Other,-1.061736784519574,-0.5613563966536225,-0.887410046826179
1865,16.79,1.1656145947,2.6063934693,0,24.2414531617,87269.2313821891,50914620.04791184,31636877.876251873,0,1,Comet,-1.2881451570963391,0.24388883331615718,0.6276883667280554
1865,16.79,1.1656145947,2.6063934693,0,12.3237894021,44365.641847403,59274753.30914792,36831623.801214635,0,0,Other,-0.2738561339025211,0.9434633283677855,-0.9929174657363314
1865,16.79,1.1656145947,2.6063934693,0,15.5630612978,56027.0206719533,63445322.659149855,39423095.42716977,0,0,Other,-0.48985076507591335,0.942416775457148,-0.4703433244320794
1865,16.79,1.1656145947,2.6063934693,0,17.2277734558,62019.9844407554,55327232.31886537,34378747.99921536,0,0,Other,-0.695925871185826,0.6407033741925894,-0.3325213313788418
1865,16.79,1.1656145947,2.6063934693,0,23.8866465623,85991.9276242228,60912723.96440223,37849411.570943646,0,1,Comet,-1.167621697099519,0.5508585291557151,0.7036517320462138
1865,16.79,1.1656145947,2.6063934693,0,28.2133771676,101568.1578032376,68650568.8622062,42657485.43709133,0,1,Comet,-1.4360492076849958,0.6130677485600423,1.4292708236717837
1865,16.79,1.1656145947,2.6063934693,0,11.8977662366,42831.9584519152,47646560.73501799,29606199.983004767,0,0,Other,-0.34810236016596785,0.6184087516339296,-1.2028078114479324
1865,16.79,1.1656145947,2.6063934693,0,10.021659386,36077.9737894445,57477101.60321965,35714614.82754517,0,0,Other,-0.10954391088780376,0.9784397064311849,-1.349447604985948
1865,16.79,1.1656145947,2.6063934693,0,18.7371412767,67453.7085960512,59549128.03983368,37002112.35320356,0,0,Other,-0.7754594204071771,0.7070927911283665,-0.059992623879544994
1865,16.79,1.1656145947,2.6063934693,0,20.1672196071,72601.9905854772,48228639.4648817,29967886.934095304,0,1,Comet,-0.9927605249374044,0.3203303024828425,0.003025394046175373
1865,16.79,1.1656145947,2.6063934693,0,18.1215268842,65237.4967829504,11684535.485269945,7260433.679763414,4,0,Other,-1.1705328588063124,-0.6742856343845709,-0.7590337731931481
1865,16.79,1.1656145947,2.6063934693,0,12.2213507379,43996.8626565984,35006022.42515939,21751733.693700086,0,0,Other,-0.4906536814066733,0.2350727196582229,-1.3169622283500007
1865,16.79,1.1656145947,2.6063934693,0,19.6281290312,70661.264512473,62672430.67923775,38942842.62047095,0,0,Other,-0.8165613848180258,0.7648056572874824,0.10892306576006426
1865,16.79,1.1656145947,2.6063934693,0,16.7976941615,60471.6989814972,40839230.79006333,25376321.297290884,0,0,Other,-0.7963494189749087,0.23186711075214678,-0.5794353020661946
1865,16.79,1.1656145947,2.6063934693,0,14.2412850457,51268.6261645006,25276638.64930578,15706174.951668564,0,0,Other,-0.7395810009460742,-0.12747074726620888,-1.148190014716788
1865,16.79,1.1656145947,2.6063934693,0,19.8305449307,71389.9617505538,64700074.58433784,40202762.11985664,0,0,Other,-0.8136868910954067,0.8166032226200718,0.16409086138815884
1865,16.79,1.1656145947,2.6063934693,0,14.2172114217,51181.9611180174,40395756.01265288,25100758.84860857,0,0,Other,-0.5976097775159734,0.31719748406544085,-0.9590515004306968
1865,16.79,1.1656145947,2.6063934693,0,13.7403421293,49465.2316655063,7130580.37917982,4430737.191608716,2,0,Other,-0.8683259953571401,-0.6409713706783187,-1.4519796072786122
1865,16.79,1.1656145947,2.6063934693,0,20.3919368542,73410.9726749724,15802567.574266374,9819260.165505,4,1,Comet,-1.3108532540392408,-0.6399492306492423,-0.3775373939172257
1865,16.79,1.1656145947,2.6063934693,0,17.3299293159,62387.7455371738,25801117.56168553,16032071.035819113,0,0,Other,-0.9775160646880637,-0.22979050645522164,-0.6938985130769191
1865,16.79,1.1656145947,2.6063934693,0,19.3295280967,69586.3011480617,65720100.958948255,40836577.11864754,0,0,Other,-0.7648520416856459,0.8656358963658382,0.10447881179239885
1865,16.79,1.1656145947,2.6063934693,0,13.9233429704,50124.0346935311,45036463.65658557,27984360.86414612,0,0,Other,-0.5315129361191915,0.4646034970027829,-0.9425135969416507
1865,16.79,1.1656145947,2.6063934693,0,16.528478631,59502.5230717562,21753354.34482891,13516907.602542559,4,0,Other,-0.9520176343243459,-0.3180489817667793,-0.8616166271492194
1865,16.79,1.1656145947,2.6063934693,0,20.8990226166,75236.4814198698,37133559.78435943,23073724.10719696,0,1,Comet,-1.1530826848871796,-0.03320393046849005,-0.03227946572000595
1865,16.79,1.1656145947,2.6063934693,0,12.7445084621,45880.2304635578,67499095.6562782,41941993.16474519,0,0,Other,-0.23072967706220587,1.1688160021661171,-0.8271630389720621
1865,16.79,1.1656145947,2.6063934693,0,17.8686215714,64327.0376568802,65350289.42934792,40606786.88966839,0,0,Other,-0.6534383607156957,0.9104593947159267,-0.11194880596684191
1865,16.79,1.1656145947,2.6063934693,0,15.5856166553,56108.2199591138,50882695.83253425,31617041.088660307,0,0,Other,-0.6080167201507266,0.5728401914491399,-0.6271305323631992
1865,16.79,1.1656145947,2.6063934693,0,27.0657500445,97436.7001602749,73582433.09596169,45722003.76834372,0,1,Comet,-1.300141921458317,0.8015574617037416,1.3257907204464596
1865,16.79,1.1656145947,2.6063934693,0,24.8091550599,89312.9582157041,53541245.38717206,33268987.180154104,0,1,Comet,-1.308435756532963,0.2993450302794804,0.7434251701660921
1865,16.79,1.1656145947,2.6063934693,0,12.2375397283,44055.1430220136,57752003.29240249,35885430.816360734,0,0,Other,-0.28118445706223577,0.9020572656577079,-1.0248176669109652
1865,16.79,1.1656145947,2.6063934693,0,15.0674865944,54242.951739683,62883293.21534098,39073866.52474632,0,0,Other,-0.45610148311733295,0.9448082156132961,-0.5493231046806839
1865,16.79,1.1656145947,2.6063934693,0,17.4646740155,62872.8264559134,55982525.652527064,34785928.39554687,0,0,Other,-0.7084770190038758,0.6509077602735873,-0.289840615204099
1865,16.79,1.1656145947,2.6063934693,0,23.3693097534,84129.5151122746,59064573.0440504,36701023.84048368,0,1,Comet,-1.1440776567785833,0.5163312984293709,0.605132151048731
1865,16.79,1.1656145947,2.6063934693,0,16.7490709469,60296.6554087464,16346490.58947767,10157238.254905047,4,0,Other,-1.0194527793472077,-0.48514923670693927,-0.8985351007810818
1865,16.79,1.1656145947,2.6063934693,0,28.7213121904,103396.7238854404,71062904.34824193,44156441.20061157,0,1,Comet,-1.4536270080257567,0.664512287562733,1.533615963296451
1865,16.79,1.1656145947,2.6063934693,0,11.8823438755,42776.437951728,46006432.44464445,28587071.520981383,0,0,Other,-0.36208583889696894,0.57085825365418,-1.2259391250137104
1865,16.79,1.1656145947,2.6063934693,0,18.9124903685,68084.965326505,60029987.19031904,37300904.374145046,0,0,Other,-0.78478822127401,0.7145233092188158,-0.028454409499460168
1865,16.79,1.1656145947,2.6063934693,0,19.683860701,70861.8985235021,46960239.02290364,29179739.446334764,0,0,Other,-0.9665160479942977,0.30152397217682214,-0.08318368228362633
1865,16.79,1.1656145947,2.6063934693,0,12.4201403646,44712.5053126306,33344814.10444692,20719506.708210696,0,0,Other,-0.5216713967514495,0.17873954072423176,-1.3093183074616446
1866,12.55,8.2140052596,18.3670741281,0,33.8146027452,121732.5698827013,67489070.35502015,41935763.73140609,0,1,Comet,0.4275024799330278,-0.8115215889969588,3.16852726214514
1866,12.55,8.2140052596,18.3670741281,0,24.6626463861,88785.5269900327,66553968.95587343,41354718.66539405,0,1,Comet,1.1382623139022283,-0.49017080526986795,1.8303031374500796
1866,12.55,8.2140052596,18.3670741281,0,22.2803658855,80209.3171878176,66198088.93735386,41133585.075986795,0,1,Comet,1.3222330979590216,-0.4098233162374104,1.4805266121181528
1866,12.55,8.2140052596,18.3670741281,0,20.6950256675,74502.0924030173,73532835.059107,45691184.977328554,0,1,Comet,1.5148111828102873,-0.13412630556270447,1.3442269674966483
1866,12.55,8.2140052596,18.3670741281,0,21.6421045674,77911.5764426249,52456330.81677084,32594852.526146073,0,1,Comet,1.2450884275385894,-0.788822942483139,1.212950323372023
1866,12.55,8.2140052596,18.3670741281,0,23.0737697647,83065.5711529866,29534064.851745035,18351616.923090085,0,1,Comet,0.9201719571238618,-1.5161616445100954,1.1283841998102346
1866,12.55,8.2140052596,18.3670741281,0,25.1545106348,90556.2382852469,15391186.731017016,9563639.962776154,0,1,Comet,0.6255736268944219,-2.010559967448745,1.2497378001970425
1866,12.55,8.2140052596,18.3670741281,0,27.8281428387,100181.3142194356,27387096.464567285,17017552.62868116,0,1,Comet,0.526545091427858,-1.7603729023323051,1.7900387660220016
1866,12.55,8.2140052596,18.3670741281,0,31.1800936847,112248.3372649045,50556121.28875834,31414117.076869413,0,1,Comet,0.4777138590932659,-1.2081033253662712,2.5709950009823137
1866,12.55,8.2140052596,18.3670741281,0,26.8141019345,96530.7669643386,74026893.66349629,45998178.75860525,0,1,Comet,1.0383758987605023,-0.3528337200740391,2.237304018803537
1866,12.55,8.2140052596,18.3670741281,0,23.9983355378,86394.0079359904,67375000.75244261,41864884.167093486,0,1,Comet,1.1980898090592187,-0.4407552767866117,1.7444910429985854
1866,12.55,8.2140052596,18.3670741281,0,21.8763544634,78754.876068402,68585151.59858836,42616837.03437068,0,1,Comet,1.3761080859203298,-0.3243647447531151,1.452389602481907
1866,12.55,8.2140052596,18.3670741281,0,21.1484077907,76134.2680464293,70226011.16822983,43636419.89226053,0,1,Comet,1.4485336270814735,-0.24846175170159196,1.3678004765956364
1866,12.55,8.2140052596,18.3670741281,0,22.0426783675,79353.6421229446,45432286.38119407,28230313.700233288,0,1,Comet,1.1485219678309375,-1.0102473419356055,1.1815110169863687
1866,12.55,8.2140052596,18.3670741281,0,23.7671994005,85561.9178418324,22932280.330679554,14249458.24132566,0,1,Comet,0.8044967192838108,-1.7363538091659174,1.1447657063314987
1866,12.55,8.2140052596,18.3670741281,0,26.022405858,93680.6610889256,17325282.749667875,10765431.500951676,0,1,Comet,0.575268921363773,-1.9868705865987983,1.400155640140419
1866,12.55,8.2140052596,18.3670741281,0,28.9689725843,104288.3013033727,35922375.81532345,22321129.287123527,0,1,Comet,0.5159454056466226,-1.553338749243844,2.0641138645352295
1866,12.55,8.2140052596,18.3670741281,0,32.5562427004,117202.4737215444,60617182.00277911,37665770.3115494,0,1,Comet,0.46275241200024475,-0.9652554291762944,2.898612231472359
1866,12.55,8.2140052596,18.3670741281,0,25.8272637683,92978.1495657662,72489487.09463334,45042878.614570126,0,1,Comet,1.101705889728206,-0.36034702991454487,2.074702931920667
1866,12.55,8.2140052596,18.3670741281,0,23.1616560219,83381.9616787748,68358520.83363587,42476015.2070241,0,1,Comet,1.2729724404351095,-0.3800014102025246,1.6357693205486008
1866,12.55,8.2140052596,18.3670741281,0,21.33543097,76807.5514920493,72080143.78933318,44788524.47921458,0,1,Comet,1.4510105384191392,-0.20117015372972075,1.418526898947216
1866,12.55,8.2140052596,18.3670741281,0,21.5118988041,77442.8356948201,58693587.754602246,36470504.27095508,0,1,Comet,1.3131120055526289,-0.6007951742363841,1.2735474469172616
1866,12.55,8.2140052596,18.3670741281,0,22.7669112855,81960.8806277003,34406498.38456497,21379206.7291796,0,1,Comet,0.9894368714631255,-1.3614593338550809,1.1459919129179226
1866,12.55,8.2140052596,18.3670741281,0,24.7413792133,89068.9651679884,17137258.632227343,10648598.731981613,0,1,Comet,0.6742267382670045,-1.9435670935828697,1.2121124765881177
1866,12.55,8.2140052596,18.3670741281,0,27.2477529337,98091.9105613301,24607268.41039346,15290247.57201732,0,1,Comet,0.5464136535963193,-1.8198420850364334,1.6705113032135042
1866,12.55,8.2140052596,18.3670741281,0,30.5733518828,110064.0667780004,47842564.761879206,29727991.2377608,0,1,Comet,0.500267916702385,-1.2646231036844053,2.4484929378083784
1866,12.55,8.2140052596,18.3670741281,0,34.3162065976,123538.343751517,73097486.63247217,45420672.008870706,0,1,Comet,0.44003409650894787,-0.6660298041675965,3.312675008990633
1915,18.05,0.6524616298,1.4589485569,0,15.1210055876,54435.620115225,3789779.281515913,2354859.6492410796,0,0,Other,-1.4276833001517322,-0.5679960444699084,-1.4615751872463023
1915,18.05,0.6524616298,1.4589485569,0,8.323646087,29965.1259133566,296115516.5655469,183997649.90943223,1,0,Other,1.8150503258489574,8.27091295771667,1.277762983450293
1915,18.05,0.6524616298,1.4589485569,0,7.5824115199,27296.6814714793,266818905.61537263,165793579.9989324,1,0,Other,1.6018843288937537,7.439298098068659,0.7970848748869227
1915,18.05,0.6524616298,1.4589485569,0,16.3843631401,58983.7073043755,27191889.48019764,16896256.63316391,0,0,Other,-1.3101733510946674,0.0707144284494497,-0.9803302464593792
1915,18.05,0.6524616298,1.4589485569,0,7.4818661467,26934.7181280792,262958319.47785684,163394723.00955677,1,0,Other,1.5740196890922866,7.329820658979719,0.7333273901873636
1915,18.05,0.6524616298,1.4589485569,0,13.9382101776,50177.5566394748,7973464.968845205,4954481.389285629,0,0,Other,-1.2959433643047271,-0.4001252798336458,-1.5796841887513693
1915,18.05,0.6524616298,1.4589485569,0,13.6629347134,49186.5649684052,13999043.658267638,8698602.369695885,0,0,Other,-1.2184772448430674,-0.21278148540888853,-1.5428076231335797
1915,18.05,0.6524616298,1.4589485569,0,14.7353930452,53047.4149627787,34033159.621425994,21147224.77891101,0,0,Other,-1.117165464791645,0.33435280786694965,-1.1321383957623057
1915,18.05,0.6524616298,1.4589485569,0,7.9826170523,28737.421388311,287178538.959039,178444469.52914417,1,0,Other,1.7590569629340407,8.02160710026992,1.1144778799998583
1915,18.05,0.6524616298,1.4589485569,0,14.6513253116,52744.771121935,37379469.85512988,23226525.539677143,0,0,Other,-1.0795533984495873,0.4357720039136674,-1.1016874263627878
1915,18.05,0.6524616298,1.4589485569,0,14.3345739509,51604.4662234164,33535658.186616316,20838091.7220106,0,0,Other,-1.0902669469603918,0.33502687087832433,-1.1965639734960862
1915,18.05,0.6524616298,1.4589485569,0,14.3685272815,51726.6982132852,34535088.285520025,21459108.788525343,0,0,Other,-1.0836762413911303,0.3630664337479885,-1.1789100413545304
1915,18.05,0.6524616298,1.4589485569,0,13.2874008826,47834.6431773215,23239249.594878793,14440200.097281676,0,0,Other,-1.1033463787733038,0.0727336208887159,-1.4795041762630987
1915,18.05,0.6524616298,1.4589485569,0,13.3078956546,47908.4243564822,12447453.969666384,7734489.243718765,0,0,Other,-1.204943578847728,-0.24478999028384524,-1.6140284768811164
1915,18.05,0.6524616298,1.4589485569,0,14.3769308765,51756.9511553147,22551133.50119315,14012624.583605444,0,0,Other,-1.195368340257798,0.011013399423682615,-1.3303754820433835
1915,18.05,0.6524616298,1.4589485569,0,17.7137290288,63769.4245037822,51784683.92267392,32177510.498561215,0,0,Other,-1.1868205271451502,0.7418561625777568,-0.47434923032637233
1915,18.05,0.6524616298,1.4589485569,0,15.8539519337,57074.2269611976,54558524.15754334,33901094.89683852,0,0,Other,-1.0149261657559054,0.8941484288870232,-0.708529408284447
1915,18.05,0.6524616298,1.4589485569,0,13.0147151656,46852.9745962673,20037726.52271059,12450865.906888517,0,0,Other,-1.1115730585411232,-0.010839559332352176,-1.5598115177182248
1915,18.05,0.6524616298,1.4589485569,0,14.8786232727,53563.0437818975,29960093.046842895,18616338.568218097,0,0,Other,-1.1661616262843733,0.20934830849063957,-1.163274823134766
1915,18.05,0.6524616298,1.4589485569,0,19.5200849953,70272.3059829756,61699845.45435214,38338506.18517991,0,0,Other,-1.23695174921888,0.9640259695762015,-0.08624484364154457
1915,18.05,0.6524616298,1.4589485569,0,8.4981397002,30593.3029206872,282885134.67830175,175776671.81651777,1,0,Other,1.6787539395466546,7.875946937326901,1.1344871845868363
1915,18.05,0.6524616298,1.4589485569,0,8.0425549043,28953.1976553698,260672475.63305157,161974365.50724733,1,0,Other,1.5087662902721128,7.241361656725339,0.7854598230752502
1915,18.05,0.6524616298,1.4589485569,0,16.8450960772,60642.3458778887,32397695.298966087,20130994.372164544,0,0,Other,-1.298159115581788,0.20594713111366528,-0.8472350684270792
1915,18.05,0.6524616298,1.4589485569,0,14.0848384027,50705.4182498363,11653380.921013948,7241075.131202562,0,0,Other,-1.2733751501457242,-0.29770686048842926,-1.5115501872187098
1915,18.05,0.6524616298,1.4589485569,0,8.1051829922,29178.6587720205,261464619.4077333,162466580.824507,1,0,Other,1.5111823993162472,7.262224459460457,0.8046283674786822
1915,18.05,0.6524616298,1.4589485569,0,19.0293540461,68505.6745658495,58506524.02556754,36354268.259668365,0,0,Other,-1.2279621843720279,0.8890035770182796,-0.198047015961143
1915,18.05,0.6524616298,1.4589485569,0,8.7682277068,31565.6197443963,288289491.5024671,179134783.4293495,1,0,Other,1.70759410648121,8.02427296885522,1.242483583268618
1915,18.05,0.6524616298,1.4589485569,0,16.1258372581,58053.0141293022,15147493.536122307,9412216.033089504,0,0,Other,-1.4014424540099588,-0.27293944562486233,-1.17124942334653
1915,18.05,0.6524616298,1.4589485569,0,19.2901188246,69444.4277683897,40689483.8009065,25283272.832943466,0,0,Other,-1.413535687904737,0.3561297857395672,-0.3872572940020215
1916,14.95,2.7199127735,6.0819098544,0,6.9573979085,25046.6324706995,58321484.9690652,36239290.32155566,0,0,Other,0.8886954143591754,0.7292105085698344,-1.4812482900014028
1916,14.95,2.7199127735,6.0819098544,0,6.947985138,25012.7464966729,50268873.48184163,31235629.566227213,0,0,Other,0.8148277859328052,0.49322262070243433,-1.5852078514169559
1916,14.95,2.7199127735,6.0819098544,0,6.9701074301,25092.3867484287,47118919.17406857,29278338.720159568,0,0,Other,0.7839044116673692,0.39992737541375045,-1.6221343129733268
1916,14.95,2.7199127735,6.0819098544,0,7.0255613502,25292.0208606471,48455177.538993955,30108651.166024484,0,0,Other,0.7919257018843313,0.43703352823225794,-1.5970730857701132
1916,14.95,2.7199127735,6.0819098544,0,7.1023628469,25568.5062489737,53319312.51893011,33131084.49046125,0,0,Other,0.8309547109732774,0.5768703532215277,-1.5239707283014188
1916,14.95,2.7199127735,6.0819098544,0,7.1608140716,25778.9306576203,57642449.077134095,35817356.98361853,0,0,Other,0.8664138537447231,0.7015280675423832,-1.46042037805824
1916,14.95,2.7199127735,6.0819098544,0,7.1905184585,25885.8664505237,58913168.016821004,36606945.11905161,0,0,Other,0.8758520581054696,0.7376919756588702,-1.439925812468759
1916,14.95,2.7199127735,6.0819098544,0,7.2226008039,26001.362894215,58832555.96290919,36556855.11145533,0,0,Other,0.8725832342757435,0.7341032754686484,-1.4363034575208875
1916,14.95,2.7199127735,6.0819098544,0,7.2767887914,26196.4396491344,60276454.46827589,37454052.03911584,0,0,Other,0.8817013251873014,0.7744169463196706,-1.410054285813306
1916,14.95,2.7199127735,6.0819098544,0,7.2930869084,26255.1128701844,67292915.3839081,41813878.68424181,0,0,Other,0.9454277563043127,0.979731084159686,-1.3182981185887612
1916,14.95,2.7199127735,6.0819098544,0,9.4827416448,34137.8699211313,64970543.10520089,40370823.46561279,0,0,Other,0.7517849929924053,0.8281173549927755,-1.0305597627511203
1916,14.95,2.7199127735,6.0819098544,0,8.923015649,32122.8563363206,56439242.17515928,35069718.88317076,0,0,Other,0.7167417178151518,0.5990531381699622,-1.2203700584712243
1917,14.4,3.5039264111,7.8350176433,0,18.397546749,66231.1682963827,67287100.5147012,41810265.49206258,0,0,Other,0.3506361924823418,0.41406147213142386,0.40382975187376446
1917,14.4,3.5039264111,7.8350176433,0,15.2344952877,54844.1830356304,16872313.294644266,10483969.333174152,0,0,Other,0.1321859294565473,-0.9450788823884765,-0.6968795527533221
1917,14.4,3.5039264111,7.8350176433,0,15.8794086496,57165.871138628,45013375.499238685,27970014.54841827,0,0,Other,0.34221743817339695,-0.1437087723504507,-0.2448828408509342
1917,14.4,3.5039264111,7.8350176433,0,17.3963143999,62626.7318396299,40027759.06033628,24872096.145669464,0,0,Other,0.17678361738814696,-0.34784995268658025,-0.08857136096319909
1917,14.4,3.5039264111,7.8350176433,0,14.523395118,52284.2224247575,21374522.841576494,13281512.621831805,0,0,Other,0.22979763481155174,-0.7858364356039328,-0.7425718266904509
1917,14.4,3.5039264111,7.8350176433,0,20.2510237297,72903.6854267882,61922310.11310237,38476739.314171925,0,1,Comet,0.15523188670625643,0.18596412927519265,0.6040865383135883
1917,14.4,3.5039264111,7.8350176433,0,14.4472032896,52009.9318426774,13413699.610816067,8334886.444341043,0,0,Other,0.16202984198108317,-1.0165852488084623,-0.8550396320229375
1917,14.4,3.5039264111,7.8350176433,0,21.0639061614,75830.0621812168,66996442.11570508,41629658.73777288,0,1,Comet,0.13834414204137496,0.3039111612609649,0.7865379511365506
1917,14.4,3.5039264111,7.8350176433,0,14.4168387373,51900.6194541079,15616427.387682112,9703598.01688664,0,0,Other,0.18482506314928343,-0.9507772673174224,-0.8313759224693062
1917,14.4,3.5039264111,7.8350176433,0,19.3385433047,69618.7558967882,53946578.43733093,33520849.458513793,0,0,Other,0.15306554180004492,-0.013349900302149626,0.3702330408376684
1917,14.4,3.5039264111,7.8350176433,0,15.2232618577,54803.7426878334,38421080.120665185,23873752.14638423,0,0,Other,0.3327185908525054,-0.31218782266955064,-0.4239623523946818
1917,14.4,3.5039264111,7.8350176433,0,16.4047735669,59057.1848409116,28310896.208388895,17591575.171712898,0,0,Other,0.14617047893087337,-0.6539542092939116,-0.38154678818966764
1917,14.4,3.5039264111,7.8350176433,0,16.9871931939,61153.895498143,58436445.78599348,36310723.66078693,0,0,Other,0.37950084239336473,0.2080429559008848,0.08667691795769794
1917,14.4,3.5039264111,7.8350176433,0,14.7525231468,53109.0833284116,10912201.699890172,6780527.71906352,0,0,Other,0.11485262732793282,-1.1016412301848963,-0.8426630777757803
1917,14.4,3.5039264111,7.8350176433,0,18.3253695678,65971.3304442172,69054392.64937422,42908409.90291544,0,0,Other,0.3726839337106787,0.46868283249389325,0.41588620461883286
1943,15.71,1.9167036797,4.2858797205,0,13.2592289142,47733.2240910646,61714090.65720651,38347357.74378138,0,0,Other,0.0878399189071633,0.762885181002037,-0.6608071012705651
1943,15.71,1.9167036797,4.2858797205,0,3.6799449489,13247.8018161449,62061805.53422276,38563417.749523684,0,0,Other,0.8440767385097789,1.1381731837369893,-2.044616049187859
1943,15.71,1.9167036797,4.2858797205,0,4.9303753069,17749.3511047946,64845768.51840273,40293292.1325521,0,0,Other,0.7715754651793165,1.1722273704394464,-1.827932996865254
1943,15.71,1.9167036797,4.2858797205,0,15.1367914592,54492.4492529872,63483279.43855475,39446680.67622945,0,0,Other,-0.04336130867165857,0.7432543806956077,-0.3661683248690169
1943,15.71,1.9167036797,4.2858797205,0,10.710355548,38557.2799726492,39083334.9164084,24285258.194670048,0,0,Other,0.078529330040517,0.1958073471063597,-1.3185226797225045
1943,15.71,1.9167036797,4.2858797205,0,7.202292193,25928.2518947617,18431384.806558046,11452731.448581168,0,0,Other,0.16295309789325987,-0.2766356050226566,-2.0900337378105234
1943,15.71,1.9167036797,4.2858797205,0,5.7378727242,20656.3418070465,9808345.436144011,6094623.242584859,0,0,Other,0.19817665936663484,-0.4739129984631704,-2.412121889844969
1943,15.71,1.9167036797,4.2858797205,0,5.4200595523,19512.2143883038,9794269.23400338,6085876.696157417,0,0,Other,0.22302912932499566,-0.46221375009660537,-2.458359020716621
1943,15.71,1.9167036797,4.2858797205,0,5.5534696083,19992.4905898231,16279289.53581774,10115481.456449239,0,0,Other,0.27262573652739247,-0.2769608887696311,-2.3564017739826513
1943,15.71,1.9167036797,4.2858797205,0,8.1987322677,29515.4361637803,35271154.40104507,21916479.064171117,0,0,Other,0.24064491343956498,0.1796408220833471,-1.731079178347142
1943,15.71,1.9167036797,4.2858797205,0,12.8240525857,46166.5893085636,59440846.259168155,36934829.17466044,0,0,Other,0.10098693233755872,0.7127500532133628,-0.7528358708386295
1943,15.71,1.9167036797,4.2858797205,0,3.5181762357,12665.4344486685,60656797.373768695,37690386.16163019,0,0,Other,0.8437757501513846,1.1031010370812298,-2.0859604352621424
1943,15.71,1.9167036797,4.2858797205,0,5.0916730381,18330.0229371925,65958126.33934228,40984479.23171226,0,0,Other,0.7692020674772424,1.1987280895154904,-1.790385419651898
1943,15.71,1.9167036797,4.2858797205,0,15.5040695071,55814.6502255442,65712080.65810267,40831593.534793936,0,0,Other,-0.0515826919280687,0.7946728040667068,-0.28454567422367844
1943,15.71,1.9167036797,4.2858797205,0,11.0078686154,39628.3270153414,40982658.106960714,25465442.89938732,0,0,Other,0.07273946410609998,0.24021434856077034,-1.2512081994194673
1943,15.71,1.9167036797,4.2858797205,0,7.3908152959,26606.9350653886,19771358.823539343,12285352.693573188,0,0,Other,0.16054841574265058,-0.2444918848293959,-2.045640656654693
1943,15.71,1.9167036797,4.2858797205,0,5.7770384347,20797.3383648659,9934729.217310172,6173154.48265952,0,0,Other,0.19626884049574955,-0.47169626605805853,-2.4048357466308397
1943,15.71,1.9167036797,4.2858797205,0,5.4511599791,19624.1759247841,9518792.4457289,5914703.357336846,0,0,Other,0.21803206846346895,-0.4714843676286912,-2.4573616685092254
1943,15.71,1.9167036797,4.2858797205,0,5.4684279462,19686.3406061549,14362888.46186324,8924685.047057137,0,0,Other,0.2615552707553755,-0.329966770435911,-2.393142276799891
1943,15.71,1.9167036797,4.2858797205,0,7.7137369536,27769.4530329984,32169486.27648509,19989191.86106467,0,0,Other,0.25003277646392935,0.10708988759301227,-1.8408824148125296
1943,15.71,1.9167036797,4.2858797205,0,12.232668706,44037.6073417775,56303349.35498445,34985279.000243515,0,0,Other,0.11840591003667178,0.6432021784209588,-0.8785135224185443
1943,15.71,1.9167036797,4.2858797205,0,3.4329130105,12358.4868379,58567418.28734465,36392106.19936809,0,0,Other,0.831120057546848,1.0450266416773035,-2.12493689843721
1943,15.71,1.9167036797,4.2858797205,0,5.2966118326,19067.8025973812,67413449.57420173,41888775.15709467,0,0,Other,0.7665756809115004,1.2336317153936451,-1.74214373737773
1943,15.71,1.9167036797,4.2858797205,0,15.9941263402,57578.8548247895,68617051.02559888,42636658.41918519,0,0,Other,-0.06319084185277785,0.8612576959624088,-0.17651497358333837
1943,15.71,1.9167036797,4.2858797205,0,5.0873169598,18314.3410553743,73698755.83693865,45794283.36793724,0,0,Other,0.8412615301145268,1.4260839637756981,-1.6923961044343574
1943,15.71,1.9167036797,4.2858797205,0,11.3794006585,40965.8423705906,43308851.07038837,26910872.18141484,0,0,Other,0.06508601556209252,0.2943291227325472,-1.1677282221867036
1943,15.71,1.9167036797,4.2858797205,0,7.5421646873,27151.7928741599,20882147.72185747,12975564.909422338,0,0,Other,0.15894250819785705,-0.21765806631649795,-2.009554791518712
1943,15.71,1.9167036797,4.2858797205,0,5.7506290305,20702.2645096327,9733803.944118496,6048305.307231405,0,0,Other,0.19648327454574313,-0.4765869782594057,-2.4112229402398424
1943,15.71,1.9167036797,4.2858797205,0,5.4042168642,19455.1807109592,10225345.758822264,6353735.227914709,0,0,Other,0.22826843256418344,-0.4489577302619776,-2.4551627659388187
1943,15.71,1.9167036797,4.2858797205,0,6.2680240666,22564.8866398001,22164792.783258215,13772563.593256714,0,0,Other,0.2709847933941844,-0.1314524183493322,-2.1778627538593742
1943,15.71,1.9167036797,4.2858797205,0,10.0378820345,36136.3753241593,44558114.56388157,27687128.52078676,0,0,Other,0.1821155185765831,0.382122899323272,-1.3462259723318815
1943,15.71,1.9167036797,4.2858797205,0,6.2393941361,22461.8188899403,72811182.74323581,45242771.02147762,0,0,Other,0.7424748429764054,1.3561258407252053,-1.5367442228619754
1943,15.71,1.9167036797,4.2858797205,0,14.9807537505,53930.7135019462,70069964.52300858,43539457.003148966,0,0,Other,0.029930341964935485,0.9425224709895155,-0.30486285222155357
1943,15.71,1.9167036797,4.2858797205,0,4.1855029534,15067.8106323905,67488310.90647331,41935291.83196136,0,0,Other,0.8546121172627141,1.2781751282201468,-1.9022129248383908
1943,15.71,1.9167036797,4.2858797205,0,3.6717480967,13218.2931480071,60368353.41220304,37511155.394954376,0,0,Other,0.8290312257627628,1.088782238718647,-2.0673796149824577
1943,15.71,1.9167036797,4.2858797205,0,13.414624344,48292.6476383104,54897034.62169359,34111435.545636,0,0,Other,0.012464367014252745,0.5568801107469111,-0.725140727791367
1943,15.71,1.9167036797,4.2858797205,0,9.0785910734,32682.9278642835,30494174.99057305,18948201.699354146,0,0,Other,0.12722156147500593,0.0059021226325229464,-1.664430985252577
1980,13.87,4.4725476543,10.0009205877,0,12.9006029644,46442.1706719538,71658711.86911277,44526658.82686127,0,0,Other,1.1274128612045298,0.5977544284460888,-0.21305302204950005
1980,13.87,4.4725476543,10.0009205877,0,16.7529353362,60310.5672101558,40416181.2830344,25113450.52310288,0,0,Other,0.5351234821566655,-0.46604225673290905,-0.052819253890635555
1980,13.87,4.4725476543,10.0009205877,0,13.8569947312,49885.181032388,50738496.216633,31527439.6022154,0,0,Other,0.858406049297661,-0.05271001915191164,-0.34098881929840646
1980,13.87,4.4725476543,10.0009205877,0,12.8672038986,46321.9340349067,72101608.13660014,44801861.8061462,0,0,Other,1.1341417588714204,0.612026464154315,-0.21225046330868064
1980,13.87,4.4725476543,10.0009205877,0,16.8143110531,60531.519791313,40790205.71305074,25345858.527012687,0,0,Other,0.5337641571000673,-0.4574036554383126,-0.0391593138823427
1980,13.87,4.4725476543,10.0009205877,0,13.8743395006,49947.622202335,50409346.80927842,31322915.644387208,0,0,Other,0.8539930254940489,-0.06303169355431364,-0.34266877392409784
1980,13.87,4.4725476543,10.0009205877,0,12.8440002025,46238.4007288664,72387109.58286183,44979264.17859589,0,0,Other,1.138610946444957,0.6212903509251839,-0.21197569310288455
1980,13.87,4.4725476543,10.0009205877,0,16.8865768233,60791.6765638994,41032699.9857359,25496537.480983317,0,0,Other,0.5303301502289602,-0.4530405427854923,-0.025596955736889585
1980,13.87,4.4725476543,10.0009205877,0,13.9179422976,50104.5922713762,49427994.715377,30713131.729292728,0,0,Other,0.8414732250886314,-0.09349645458949332,-0.3488528719386505
1980,13.87,4.4725476543,10.0009205877,0,12.8046671282,46096.8016616219,72846394.67100237,45264650.69881765,0,0,Other,1.1459581515559858,0.6362695585045798,-0.21182429245731518
1980,13.87,4.4725476543,10.0009205877,0,17.0299233431,61307.7240352136,41656680.86954961,25884261.22319632,0,0,Other,0.5248430553282811,-0.44018968648400847,0.0031268780914950464
1980,13.87,4.4725476543,10.0009205877,0,13.9487110132,50215.359647624,48755031.1057077,30294971.532590207,0,0,Other,0.8328195188464738,-0.11442079053534002,-0.3529678295945693
1980,13.87,4.4725476543,10.0009205877,0,12.7757297592,45992.6271332719,73241921.93981764,45510419.94718796,0,0,Other,1.1518974465399041,0.6489812568343389,-0.2109786518477543
1980,13.87,4.4725476543,10.0009205877,0,17.1490920844,61736.7315040006,42321139.94502791,26297136.947396807,0,0,Other,0.5216315756034523,-0.4252293274045168,0.02886256318921646
1980,13.87,4.4725476543,10.0009205877,0,13.9996666571,50398.7999656968,47613443.68606418,29585622.002998482,0,0,Other,0.8182371381084139,-0.14986873691224886,-0.360127847140117
1980,13.87,4.4725476543,10.0009205877,0,12.7465203857,45887.4733884379,73697413.71964794,45793449.41492371,0,0,Other,1.1584136954570303,0.663463298554136,-0.20940844392982802
1980,13.87,4.4725476543,10.0009205877,0,17.335865596,62409.1161454387,43108740.013523735,26786528.93655204,0,0,Other,0.514246674490656,-0.40923127267527665,0.06596449222318512
1980,13.87,4.4725476543,10.0009205877,0,14.0535043502,50592.6156606066,46510877.64410762,28900519.233164247,0,0,Other,0.8037897367708251,-0.18428123354355525,-0.36637303787626097
1980,13.87,4.4725476543,10.0009205877,0,12.7121028707,45763.5703344491,74297980.45739627,46166624.28141201,0,0,Other,1.1666834711462224,0.682401825859872,-0.20674465654419824
1980,13.87,4.4725476543,10.0009205877,0,17.547160356,63169.7772816432,44424114.81499287,27603864.937810965,0,0,Other,0.509824029493153,-0.3786774127977262,0.11334425402094117
1980,13.87,4.4725476543,10.0009205877,0,14.1153603807,50815.2973703771,45315289.776611686,28157615.381211642,0,0,Other,0.7878501757326316,-0.2217295415613226,-0.37264136136204035
1980,13.87,4.4725476543,10.0009205877,0,12.6971430009,45709.7148031414,74726368.33449656,46432812.16494597,0,0,Other,1.171828466811026,0.695545287380514,-0.20345471798740877
1980,13.87,4.4725476543,10.0009205877,0,17.7225625968,63801.2253485556,45305588.93817389,28151587.559720185,0,0,Other,0.5042027537869952,-0.35949074762202704,0.14999426342603647
1980,13.87,4.4725476543,10.0009205877,0,14.1957536967,51104.7133079504,44011499.32556261,27347477.561519615,0,0,Other,0.769450924038046,-0.2630601155109945,-0.37760181413969
